image_name,label,image_path
fall001.jpg,"[0.0, 0.506757, 0.54823, 0.445946, 0.241148]",E:\PROJECT FILE\PROJECT 3-ELDER CARE ASSISTENCE AND MONITORING SYSTEM\datasets\cleaned\fall_dataset\images\train\fall001.jpg
fall002.jpg,"[0.0, 0.561091, 0.457447, 0.25322, 0.304965]",E:\PROJECT FILE\PROJECT 3-ELDER CARE ASSISTENCE AND MONITORING SYSTEM\datasets\cleaned\fall_dataset\images\train\fall002.jpg
fall003.jpg,"[0.0, 0.550676, 0.569806, 0.756757, 0.431528]",E:\PROJECT FILE\PROJECT 3-ELDER CARE ASSISTENCE AND MONITORING SYSTEM\datasets\cleaned\fall_dataset\images\train\fall003.jpg
fall004.jpg,"[0.0, 0.524493, 0.37308, 0.9375, 0.723444]",E:\PROJECT FILE\PROJECT 3-ELDER CARE ASSISTENCE AND MONITORING SYSTEM\datasets\cleaned\fall_dataset\images\train\fall004.jpg
fall005.jpg,"[0.0, 0.495777, 0.46827, 0.883446, 0.90367]",E:\PROJECT FILE\PROJECT 3-ELDER CARE ASSISTENCE AND MONITORING SYSTEM\datasets\cleaned\fall_dataset\images\train\fall005.jpg
fall006.jpg,"[0.0, 0.541385, 0.497462, 0.896959, 0.96713]",E:\PROJECT FILE\PROJECT 3-ELDER CARE ASSISTENCE AND MONITORING SYSTEM\datasets\cleaned\fall_dataset\images\train\fall006.jpg
fall007.jpg,"[0.0, 0.538807, 0.548463, 0.751446, 0.491726]",E:\PROJECT FILE\PROJECT 3-ELDER CARE ASSISTENCE AND MONITORING SYSTEM\datasets\cleaned\fall_dataset\images\train\fall007.jpg
fall008.jpg,"[0.0, 0.565878, 0.547949, 0.834459, 0.748616]",E:\PROJECT FILE\PROJECT 3-ELDER CARE ASSISTENCE AND MONITORING SYSTEM\datasets\cleaned\fall_dataset\images\train\fall008.jpg
fall009.jpg,"[0.0, 0.502542, 0.481087, 0.86953, 0.664303]",E:\PROJECT FILE\PROJECT 3-ELDER CARE ASSISTENCE AND MONITORING SYSTEM\datasets\cleaned\fall_dataset\images\train\fall009.jpg
fall010.jpg,"[0.0, 0.465372, 0.535795, 0.315878, 0.484422, 2.0, 0.202703, 0.554885, 0.361486, 0.737371, 2.0, 0.637669, 0.514318, 0.386824, 0.756462]",E:\PROJECT FILE\PROJECT 3-ELDER CARE ASSISTENCE AND MONITORING SYSTEM\datasets\cleaned\fall_dataset\images\train\fall010.jpg
fall011.jpg,"[0.0, 0.555587, 0.314421, 0.870576, 0.619385]",E:\PROJECT FILE\PROJECT 3-ELDER CARE ASSISTENCE AND MONITORING SYSTEM\datasets\cleaned\fall_dataset\images\train\fall011.jpg
fall012.jpg,"[0.0, 0.556112, 0.588652, 0.595125, 0.751773]",E:\PROJECT FILE\PROJECT 3-ELDER CARE ASSISTENCE AND MONITORING SYSTEM\datasets\cleaned\fall_dataset\images\train\fall012.jpg
fall013.jpg,"[0.0, 0.555087, 0.301418, 0.594942, 0.404255]",E:\PROJECT FILE\PROJECT 3-ELDER CARE ASSISTENCE AND MONITORING SYSTEM\datasets\cleaned\fall_dataset\images\train\fall013.jpg
fall014.jpg,"[0.0, 0.5, 0.541884, 0.993243, 0.893516]",E:\PROJECT FILE\PROJECT 3-ELDER CARE ASSISTENCE AND MONITORING SYSTEM\datasets\cleaned\fall_dataset\images\train\fall014.jpg
fall015.jpg,"[0.0, 0.691723, 0.684223, 0.589527, 0.576216]",E:\PROJECT FILE\PROJECT 3-ELDER CARE ASSISTENCE AND MONITORING SYSTEM\datasets\cleaned\fall_dataset\images\train\fall015.jpg
fall016.jpg,"[0.0, 0.473356, 0.237589, 0.571962, 0.248227]",E:\PROJECT FILE\PROJECT 3-ELDER CARE ASSISTENCE AND MONITORING SYSTEM\datasets\cleaned\fall_dataset\images\train\fall016.jpg
fall017.jpg,"[0.0, 0.501182, 0.756501, 0.985816, 0.330969, 2.0, 0.566194, 0.478723, 0.359338, 0.413712]",E:\PROJECT FILE\PROJECT 3-ELDER CARE ASSISTENCE AND MONITORING SYSTEM\datasets\cleaned\fall_dataset\images\train\fall017.jpg
fall018.jpg,"[0.0, 0.601351, 0.480359, 0.783784, 0.932936]",E:\PROJECT FILE\PROJECT 3-ELDER CARE ASSISTENCE AND MONITORING SYSTEM\datasets\cleaned\fall_dataset\images\train\fall018.jpg
fall019.jpg,"[0.0, 0.522804, 0.529192, 0.896959, 0.720905]",E:\PROJECT FILE\PROJECT 3-ELDER CARE ASSISTENCE AND MONITORING SYSTEM\datasets\cleaned\fall_dataset\images\train\fall019.jpg
fall020.jpg,"[0.0, 0.496548, 0.414894, 0.856026, 0.820331]",E:\PROJECT FILE\PROJECT 3-ELDER CARE ASSISTENCE AND MONITORING SYSTEM\datasets\cleaned\fall_dataset\images\train\fall020.jpg
fall021.jpg,"[0.0, 0.450264, 0.56974, 0.767353, 0.43026]",E:\PROJECT FILE\PROJECT 3-ELDER CARE ASSISTENCE AND MONITORING SYSTEM\datasets\cleaned\fall_dataset\images\train\fall021.jpg
fall022.jpg,"[0.0, 0.420608, 0.621843, 0.459459, 0.550833]",E:\PROJECT FILE\PROJECT 3-ELDER CARE ASSISTENCE AND MONITORING SYSTEM\datasets\cleaned\fall_dataset\images\train\fall022.jpg
fall023.jpg,"[0.0, 0.421453, 0.661188, 0.58277, 0.299531]",E:\PROJECT FILE\PROJECT 3-ELDER CARE ASSISTENCE AND MONITORING SYSTEM\datasets\cleaned\fall_dataset\images\train\fall023.jpg
fall024.jpg,"[0.0, 0.364865, 0.501269, 0.692568, 0.294454]",E:\PROJECT FILE\PROJECT 3-ELDER CARE ASSISTENCE AND MONITORING SYSTEM\datasets\cleaned\fall_dataset\images\train\fall024.jpg
fall025.jpg,"[0.0, 0.339527, 0.390849, 0.652027, 0.764058]",E:\PROJECT FILE\PROJECT 3-ELDER CARE ASSISTENCE AND MONITORING SYSTEM\datasets\cleaned\fall_dataset\images\train\fall025.jpg
fall026.jpg,"[0.0, 0.461015, 0.433806, 0.677996, 0.333333]",E:\PROJECT FILE\PROJECT 3-ELDER CARE ASSISTENCE AND MONITORING SYSTEM\datasets\cleaned\fall_dataset\images\train\fall026.jpg
fall027.jpg,"[1.0, 0.227196, 0.216029, 0.194257, 0.42715, 1.0, 0.380912, 0.219608, 0.197635, 0.439082, 2.0, 0.657939, 0.298356, 0.400338, 0.334084, 0.0, 0.553209, 0.702837, 0.613176, 0.508285]",E:\PROJECT FILE\PROJECT 3-ELDER CARE ASSISTENCE AND MONITORING SYSTEM\datasets\cleaned\fall_dataset\images\train\fall027.jpg
fall028.jpg,"[0.0, 0.411997, 0.503546, 0.635155, 0.799054]",E:\PROJECT FILE\PROJECT 3-ELDER CARE ASSISTENCE AND MONITORING SYSTEM\datasets\cleaned\fall_dataset\images\train\fall028.jpg
fall029.jpg,"[0.0, 0.5, 0.543735, 0.772916, 0.529551]",E:\PROJECT FILE\PROJECT 3-ELDER CARE ASSISTENCE AND MONITORING SYSTEM\datasets\cleaned\fall_dataset\images\train\fall029.jpg
fall030.jpg,"[2.0, 0.309122, 0.168978, 0.331081, 0.329791, 0.0, 0.557432, 0.363827, 0.418919, 0.727654]",E:\PROJECT FILE\PROJECT 3-ELDER CARE ASSISTENCE AND MONITORING SYSTEM\datasets\cleaned\fall_dataset\images\train\fall030.jpg
fall031.jpg,"[0.0, 0.341518, 0.555556, 0.584772, 0.728132]",E:\PROJECT FILE\PROJECT 3-ELDER CARE ASSISTENCE AND MONITORING SYSTEM\datasets\cleaned\fall_dataset\images\train\fall031.jpg
fall032.jpg,"[0.0, 0.592061, 0.750032, 0.771959, 0.314761]",E:\PROJECT FILE\PROJECT 3-ELDER CARE ASSISTENCE AND MONITORING SYSTEM\datasets\cleaned\fall_dataset\images\train\fall032.jpg
fall033.jpg,"[0.0, 0.380068, 0.501408, 0.625, 0.990991]",E:\PROJECT FILE\PROJECT 3-ELDER CARE ASSISTENCE AND MONITORING SYSTEM\datasets\cleaned\fall_dataset\images\train\fall033.jpg
fall034.jpg,"[0.0, 0.558617, 0.588652, 0.799326, 0.671395]",E:\PROJECT FILE\PROJECT 3-ELDER CARE ASSISTENCE AND MONITORING SYSTEM\datasets\cleaned\fall_dataset\images\train\fall034.jpg
fall035.jpg,"[0.0, 0.532095, 0.581656, 0.837838, 0.403478]",E:\PROJECT FILE\PROJECT 3-ELDER CARE ASSISTENCE AND MONITORING SYSTEM\datasets\cleaned\fall_dataset\images\train\fall035.jpg
fall036.jpg,"[0.0, 0.594595, 0.48477, 0.756757, 0.596524]",E:\PROJECT FILE\PROJECT 3-ELDER CARE ASSISTENCE AND MONITORING SYSTEM\datasets\cleaned\fall_dataset\images\train\fall036.jpg
fall037.jpg,"[0.0, 0.490544, 0.401891, 0.955083, 0.576832]",E:\PROJECT FILE\PROJECT 3-ELDER CARE ASSISTENCE AND MONITORING SYSTEM\datasets\cleaned\fall_dataset\images\train\fall037.jpg
fall038.jpg,"[0.0, 0.374155, 0.469836, 0.265203, 0.467543]",E:\PROJECT FILE\PROJECT 3-ELDER CARE ASSISTENCE AND MONITORING SYSTEM\datasets\cleaned\fall_dataset\images\train\fall038.jpg
fall039.jpg,"[0.0, 0.432435, 0.555556, 0.48162, 0.591017]",E:\PROJECT FILE\PROJECT 3-ELDER CARE ASSISTENCE AND MONITORING SYSTEM\datasets\cleaned\fall_dataset\images\train\fall039.jpg
fall040.jpg,"[0.0, 0.625939, 0.490544, 0.673829, 0.815603]",E:\PROJECT FILE\PROJECT 3-ELDER CARE ASSISTENCE AND MONITORING SYSTEM\datasets\cleaned\fall_dataset\images\train\fall040.jpg
fall041.jpg,"[0.0, 0.416843, 0.486998, 0.748416, 0.567376]",E:\PROJECT FILE\PROJECT 3-ELDER CARE ASSISTENCE AND MONITORING SYSTEM\datasets\cleaned\fall_dataset\images\train\fall041.jpg
fall042.jpg,"[0.0, 0.528549, 0.547281, 0.856473, 0.706856]",E:\PROJECT FILE\PROJECT 3-ELDER CARE ASSISTENCE AND MONITORING SYSTEM\datasets\cleaned\fall_dataset\images\train\fall042.jpg
fall043.jpg,"[0.0, 0.496535, 0.464539, 0.602891, 0.853428]",E:\PROJECT FILE\PROJECT 3-ELDER CARE ASSISTENCE AND MONITORING SYSTEM\datasets\cleaned\fall_dataset\images\train\fall043.jpg
fall044.jpg,"[0.0, 0.437632, 0.362884, 0.665259, 0.560284]",E:\PROJECT FILE\PROJECT 3-ELDER CARE ASSISTENCE AND MONITORING SYSTEM\datasets\cleaned\fall_dataset\images\train\fall044.jpg
fall045.jpg,"[0.0, 0.497466, 0.582798, 0.91723, 0.723527]",E:\PROJECT FILE\PROJECT 3-ELDER CARE ASSISTENCE AND MONITORING SYSTEM\datasets\cleaned\fall_dataset\images\train\fall045.jpg
fall046.jpg,"[0.0, 0.462838, 0.524115, 0.790541, 0.654907]",E:\PROJECT FILE\PROJECT 3-ELDER CARE ASSISTENCE AND MONITORING SYSTEM\datasets\cleaned\fall_dataset\images\train\fall046.jpg
fall047.jpg,"[0.0, 0.37613, 0.484634, 0.653132, 0.827423]",E:\PROJECT FILE\PROJECT 3-ELDER CARE ASSISTENCE AND MONITORING SYSTEM\datasets\cleaned\fall_dataset\images\train\fall047.jpg
fall048.jpg,"[0.0, 0.492032, 0.463357, 0.975693, 0.78487]",E:\PROJECT FILE\PROJECT 3-ELDER CARE ASSISTENCE AND MONITORING SYSTEM\datasets\cleaned\fall_dataset\images\train\fall048.jpg
fall049.jpg,"[0.0, 0.559043, 0.465721, 0.832504, 0.808511]",E:\PROJECT FILE\PROJECT 3-ELDER CARE ASSISTENCE AND MONITORING SYSTEM\datasets\cleaned\fall_dataset\images\train\fall049.jpg
fall050.jpg,"[0.0, 0.652027, 0.486039, 0.675676, 0.76152]",E:\PROJECT FILE\PROJECT 3-ELDER CARE ASSISTENCE AND MONITORING SYSTEM\datasets\cleaned\fall_dataset\images\train\fall050.jpg
fall051.jpg,"[0.0, 0.331253, 0.699764, 0.593277, 0.539007]",E:\PROJECT FILE\PROJECT 3-ELDER CARE ASSISTENCE AND MONITORING SYSTEM\datasets\cleaned\fall_dataset\images\train\fall051.jpg
fall052.jpg,"[0.0, 0.362706, 0.405437, 0.654266, 0.413712]",E:\PROJECT FILE\PROJECT 3-ELDER CARE ASSISTENCE AND MONITORING SYSTEM\datasets\cleaned\fall_dataset\images\train\fall052.jpg
fall053.jpg,"[0.0, 0.548696, 0.614657, 0.557792, 0.539007]",E:\PROJECT FILE\PROJECT 3-ELDER CARE ASSISTENCE AND MONITORING SYSTEM\datasets\cleaned\fall_dataset\images\train\fall053.jpg
fall054.jpg,"[0.0, 0.391047, 0.547131, 0.673986, 0.743908]",E:\PROJECT FILE\PROJECT 3-ELDER CARE ASSISTENCE AND MONITORING SYSTEM\datasets\cleaned\fall_dataset\images\train\fall054.jpg
fall055.jpg,"[0.0, 0.442568, 0.497623, 0.763514, 0.392267]",E:\PROJECT FILE\PROJECT 3-ELDER CARE ASSISTENCE AND MONITORING SYSTEM\datasets\cleaned\fall_dataset\images\train\fall055.jpg
fall056.jpg,"[0.0, 0.401691, 0.463357, 0.664436, 0.647754]",E:\PROJECT FILE\PROJECT 3-ELDER CARE ASSISTENCE AND MONITORING SYSTEM\datasets\cleaned\fall_dataset\images\train\fall056.jpg
fall057.jpg,"[0.0, 0.486486, 0.6787, 0.952703, 0.61094]",E:\PROJECT FILE\PROJECT 3-ELDER CARE ASSISTENCE AND MONITORING SYSTEM\datasets\cleaned\fall_dataset\images\train\fall057.jpg
fall058.jpg,"[0.0, 0.494761, 0.650118, 0.958679, 0.624113]",E:\PROJECT FILE\PROJECT 3-ELDER CARE ASSISTENCE AND MONITORING SYSTEM\datasets\cleaned\fall_dataset\images\train\fall058.jpg
fall059.jpg,"[0.0, 0.502542, 0.41844, 0.90343, 0.751773]",E:\PROJECT FILE\PROJECT 3-ELDER CARE ASSISTENCE AND MONITORING SYSTEM\datasets\cleaned\fall_dataset\images\train\fall059.jpg
fall060.jpg,"[0.0, 0.49907, 0.476359, 0.823751, 0.858156]",E:\PROJECT FILE\PROJECT 3-ELDER CARE ASSISTENCE AND MONITORING SYSTEM\datasets\cleaned\fall_dataset\images\train\fall060.jpg
fall061.jpg,"[0.0, 0.540541, 0.451307, 0.878378, 0.7968]",E:\PROJECT FILE\PROJECT 3-ELDER CARE ASSISTENCE AND MONITORING SYSTEM\datasets\cleaned\fall_dataset\images\train\fall061.jpg
fall062.jpg,"[0.0, 0.56102, 0.508274, 0.833936, 0.732861]",E:\PROJECT FILE\PROJECT 3-ELDER CARE ASSISTENCE AND MONITORING SYSTEM\datasets\cleaned\fall_dataset\images\train\fall062.jpg
fall063.jpg,"[0.0, 0.402027, 0.434966, 0.783784, 0.416216]",E:\PROJECT FILE\PROJECT 3-ELDER CARE ASSISTENCE AND MONITORING SYSTEM\datasets\cleaned\fall_dataset\images\train\fall063.jpg
fall064.jpg,"[0.0, 0.496193, 0.453901, 0.586208, 0.690307]",E:\PROJECT FILE\PROJECT 3-ELDER CARE ASSISTENCE AND MONITORING SYSTEM\datasets\cleaned\fall_dataset\images\train\fall064.jpg
fall065.jpg,"[0.0, 0.454235, 0.583924, 0.454258, 0.50591]",E:\PROJECT FILE\PROJECT 3-ELDER CARE ASSISTENCE AND MONITORING SYSTEM\datasets\cleaned\fall_dataset\images\train\fall065.jpg
fall066.jpg,"[0.0, 0.531184, 0.398345, 0.530128, 0.550827]",E:\PROJECT FILE\PROJECT 3-ELDER CARE ASSISTENCE AND MONITORING SYSTEM\datasets\cleaned\fall_dataset\images\train\fall066.jpg
fall067.jpg,"[0.0, 0.506757, 0.508884, 0.722973, 0.715829]",E:\PROJECT FILE\PROJECT 3-ELDER CARE ASSISTENCE AND MONITORING SYSTEM\datasets\cleaned\fall_dataset\images\train\fall067.jpg
fall068.jpg,"[0.0, 0.45593, 0.361702, 0.444088, 0.713948, 2.0, 0.717806, 0.186761, 0.344083, 0.364066]",E:\PROJECT FILE\PROJECT 3-ELDER CARE ASSISTENCE AND MONITORING SYSTEM\datasets\cleaned\fall_dataset\images\train\fall068.jpg
fall069.jpg,"[2.0, 0.58475, 0.516548, 0.542397, 0.390071, 1.0, 0.052522, 0.054374, 0.098309, 0.108747, 1.0, 0.4322, 0.061466, 0.118649, 0.122931]",E:\PROJECT FILE\PROJECT 3-ELDER CARE ASSISTENCE AND MONITORING SYSTEM\datasets\cleaned\fall_dataset\images\train\fall069.jpg
fall070.jpg,"[0.0, 0.663167, 0.456265, 0.589563, 0.91253]",E:\PROJECT FILE\PROJECT 3-ELDER CARE ASSISTENCE AND MONITORING SYSTEM\datasets\cleaned\fall_dataset\images\train\fall070.jpg
fall071.jpg,"[0.0, 0.639837, 0.345154, 0.611892, 0.643026]",E:\PROJECT FILE\PROJECT 3-ELDER CARE ASSISTENCE AND MONITORING SYSTEM\datasets\cleaned\fall_dataset\images\train\fall071.jpg
fall072.jpg,"[0.0, 0.5, 0.400709, 0.956494, 0.77305]",E:\PROJECT FILE\PROJECT 3-ELDER CARE ASSISTENCE AND MONITORING SYSTEM\datasets\cleaned\fall_dataset\images\train\fall072.jpg
fall073.jpg,"[0.0, 0.467061, 0.493026, 0.383446, 0.19527]",E:\PROJECT FILE\PROJECT 3-ELDER CARE ASSISTENCE AND MONITORING SYSTEM\datasets\cleaned\fall_dataset\images\train\fall073.jpg
fall074.jpg,"[0.0, 0.461149, 0.49641, 0.922297, 0.99282]",E:\PROJECT FILE\PROJECT 3-ELDER CARE ASSISTENCE AND MONITORING SYSTEM\datasets\cleaned\fall_dataset\images\train\fall074.jpg
fall075.jpg,"[0.0, 0.336581, 0.475177, 0.591089, 0.666667]",E:\PROJECT FILE\PROJECT 3-ELDER CARE ASSISTENCE AND MONITORING SYSTEM\datasets\cleaned\fall_dataset\images\train\fall075.jpg
fall076.jpg,"[0.0, 0.461149, 0.501267, 0.908784, 0.988176]",E:\PROJECT FILE\PROJECT 3-ELDER CARE ASSISTENCE AND MONITORING SYSTEM\datasets\cleaned\fall_dataset\images\train\fall076.jpg
fall077.jpg,"[0.0, 0.441638, 0.492908, 0.503477, 0.347518]",E:\PROJECT FILE\PROJECT 3-ELDER CARE ASSISTENCE AND MONITORING SYSTEM\datasets\cleaned\fall_dataset\images\train\fall077.jpg
fall078.jpg,"[0.0, 0.46949, 0.437352, 0.833936, 0.874704]",E:\PROJECT FILE\PROJECT 3-ELDER CARE ASSISTENCE AND MONITORING SYSTEM\datasets\cleaned\fall_dataset\images\train\fall078.jpg
fall079.jpg,"[0.0, 0.509291, 0.526621, 0.981418, 0.882308]",E:\PROJECT FILE\PROJECT 3-ELDER CARE ASSISTENCE AND MONITORING SYSTEM\datasets\cleaned\fall_dataset\images\train\fall079.jpg
fall080.jpg,"[0.0, 0.36252, 0.439716, 0.587258, 0.321513]",E:\PROJECT FILE\PROJECT 3-ELDER CARE ASSISTENCE AND MONITORING SYSTEM\datasets\cleaned\fall_dataset\images\train\fall080.jpg
fall081.jpg,"[0.0, 0.711448, 0.492908, 0.464664, 0.664303]",E:\PROJECT FILE\PROJECT 3-ELDER CARE ASSISTENCE AND MONITORING SYSTEM\datasets\cleaned\fall_dataset\images\train\fall081.jpg
fall082.jpg,"[0.0, 0.589956, 0.476359, 0.634782, 0.768322]",E:\PROJECT FILE\PROJECT 3-ELDER CARE ASSISTENCE AND MONITORING SYSTEM\datasets\cleaned\fall_dataset\images\train\fall082.jpg
fall083.jpg,"[0.0, 0.346829, 0.769504, 0.331134, 0.399527, 1.0, 0.368963, 0.171395, 0.09208, 0.267139, 1.0, 0.467241, 0.169031, 0.097392, 0.229314]",E:\PROJECT FILE\PROJECT 3-ELDER CARE ASSISTENCE AND MONITORING SYSTEM\datasets\cleaned\fall_dataset\images\train\fall083.jpg
fall084.jpg,"[0.0, 0.47973, 0.489878, 0.635135, 0.842697]",E:\PROJECT FILE\PROJECT 3-ELDER CARE ASSISTENCE AND MONITORING SYSTEM\datasets\cleaned\fall_dataset\images\train\fall084.jpg
fall085.jpg,"[0.0, 0.499155, 0.496956, 0.971284, 0.903944]",E:\PROJECT FILE\PROJECT 3-ELDER CARE ASSISTENCE AND MONITORING SYSTEM\datasets\cleaned\fall_dataset\images\train\fall085.jpg
fall086.jpg,"[0.0, 0.620507, 0.570922, 0.587258, 0.390071]",E:\PROJECT FILE\PROJECT 3-ELDER CARE ASSISTENCE AND MONITORING SYSTEM\datasets\cleaned\fall_dataset\images\train\fall086.jpg
fall087.jpg,"[0.0, 0.442448, 0.531915, 0.730195, 0.643026]",E:\PROJECT FILE\PROJECT 3-ELDER CARE ASSISTENCE AND MONITORING SYSTEM\datasets\cleaned\fall_dataset\images\train\fall087.jpg
fall088.jpg,"[0.0, 0.508446, 0.492685, 0.743243, 0.977706]",E:\PROJECT FILE\PROJECT 3-ELDER CARE ASSISTENCE AND MONITORING SYSTEM\datasets\cleaned\fall_dataset\images\train\fall088.jpg
fall089.jpg,"[0.0, 0.543919, 0.457209, 0.912162, 0.832214]",E:\PROJECT FILE\PROJECT 3-ELDER CARE ASSISTENCE AND MONITORING SYSTEM\datasets\cleaned\fall_dataset\images\train\fall089.jpg
fall090.jpg,"[0.0, 0.409628, 0.57728, 0.8125, 0.841216]",E:\PROJECT FILE\PROJECT 3-ELDER CARE ASSISTENCE AND MONITORING SYSTEM\datasets\cleaned\fall_dataset\images\train\fall090.jpg
fall091.jpg,"[0.0, 0.504223, 0.439151, 0.579392, 0.458902]",E:\PROJECT FILE\PROJECT 3-ELDER CARE ASSISTENCE AND MONITORING SYSTEM\datasets\cleaned\fall_dataset\images\train\fall091.jpg
fall092.jpg,"[0.0, 0.569257, 0.288429, 0.780405, 0.375]",E:\PROJECT FILE\PROJECT 3-ELDER CARE ASSISTENCE AND MONITORING SYSTEM\datasets\cleaned\fall_dataset\images\train\fall092.jpg
fall093.jpg,"[0.0, 0.670614, 0.634752, 0.573264, 0.508274]",E:\PROJECT FILE\PROJECT 3-ELDER CARE ASSISTENCE AND MONITORING SYSTEM\datasets\cleaned\fall_dataset\images\train\fall093.jpg
fall094.jpg,"[0.0, 0.461993, 0.453707, 0.923986, 0.907413]",E:\PROJECT FILE\PROJECT 3-ELDER CARE ASSISTENCE AND MONITORING SYSTEM\datasets\cleaned\fall_dataset\images\train\fall094.jpg
fall095.jpg,"[0.0, 0.483953, 0.381964, 0.961149, 0.736136]",E:\PROJECT FILE\PROJECT 3-ELDER CARE ASSISTENCE AND MONITORING SYSTEM\datasets\cleaned\fall_dataset\images\train\fall095.jpg
fall096.jpg,"[0.0, 0.478885, 0.54696, 0.765203, 0.609216]",E:\PROJECT FILE\PROJECT 3-ELDER CARE ASSISTENCE AND MONITORING SYSTEM\datasets\cleaned\fall_dataset\images\train\fall096.jpg
fall097.jpg,"[0.0, 0.494932, 0.685303, 0.89527, 0.611754]",E:\PROJECT FILE\PROJECT 3-ELDER CARE ASSISTENCE AND MONITORING SYSTEM\datasets\cleaned\fall_dataset\images\train\fall097.jpg
fall098.jpg,"[0.0, 0.588814, 0.567376, 0.603935, 0.765957]",E:\PROJECT FILE\PROJECT 3-ELDER CARE ASSISTENCE AND MONITORING SYSTEM\datasets\cleaned\fall_dataset\images\train\fall098.jpg
fall099.jpg,"[0.0, 0.470439, 0.568912, 0.91723, 0.647277]",E:\PROJECT FILE\PROJECT 3-ELDER CARE ASSISTENCE AND MONITORING SYSTEM\datasets\cleaned\fall_dataset\images\train\fall099.jpg
fall100.jpg,"[0.0, 0.505319, 0.501182, 0.429078, 0.997636]",E:\PROJECT FILE\PROJECT 3-ELDER CARE ASSISTENCE AND MONITORING SYSTEM\datasets\cleaned\fall_dataset\images\train\fall100.jpg
fall101.jpg,"[0.0, 0.445101, 0.614097, 0.640203, 0.771806]",E:\PROJECT FILE\PROJECT 3-ELDER CARE ASSISTENCE AND MONITORING SYSTEM\datasets\cleaned\fall_dataset\images\train\fall101.jpg
fall102.jpg,"[0.0, 0.397163, 0.91844, 0.602837, 0.16312]",E:\PROJECT FILE\PROJECT 3-ELDER CARE ASSISTENCE AND MONITORING SYSTEM\datasets\cleaned\fall_dataset\images\train\fall102.jpg
fall103.jpg,"[0.0, 0.544764, 0.601351, 0.636824, 0.721744]",E:\PROJECT FILE\PROJECT 3-ELDER CARE ASSISTENCE AND MONITORING SYSTEM\datasets\cleaned\fall_dataset\images\train\fall103.jpg
fall104.jpg,"[0.0, 0.497466, 0.441646, 0.505068, 0.660319]",E:\PROJECT FILE\PROJECT 3-ELDER CARE ASSISTENCE AND MONITORING SYSTEM\datasets\cleaned\fall_dataset\images\train\fall104.jpg
fall105.jpg,"[0.0, 0.489865, 0.725737, 0.817568, 0.546683]",E:\PROJECT FILE\PROJECT 3-ELDER CARE ASSISTENCE AND MONITORING SYSTEM\datasets\cleaned\fall_dataset\images\train\fall105.jpg
fall106.jpg,"[0.0, 0.329392, 0.718059, 0.300676, 0.365479]",E:\PROJECT FILE\PROJECT 3-ELDER CARE ASSISTENCE AND MONITORING SYSTEM\datasets\cleaned\fall_dataset\images\train\fall106.jpg
fall107.jpg,"[0.0, 0.456926, 0.763053, 0.910473, 0.473894]",E:\PROJECT FILE\PROJECT 3-ELDER CARE ASSISTENCE AND MONITORING SYSTEM\datasets\cleaned\fall_dataset\images\train\fall107.jpg
fall108.jpg,"[0.0, 0.366554, 0.710381, 0.35473, 0.31941]",E:\PROJECT FILE\PROJECT 3-ELDER CARE ASSISTENCE AND MONITORING SYSTEM\datasets\cleaned\fall_dataset\images\train\fall108.jpg
fall109.jpg,"[0.0, 0.592061, 0.753378, 0.315878, 0.429975]",E:\PROJECT FILE\PROJECT 3-ELDER CARE ASSISTENCE AND MONITORING SYSTEM\datasets\cleaned\fall_dataset\images\train\fall109.jpg
fall110.jpg,"[0.0, 0.421453, 0.523034, 0.636824, 0.558968]",E:\PROJECT FILE\PROJECT 3-ELDER CARE ASSISTENCE AND MONITORING SYSTEM\datasets\cleaned\fall_dataset\images\train\fall110.jpg
fall111.jpg,"[0.0, 0.454392, 0.670455, 0.611486, 0.657248]",E:\PROJECT FILE\PROJECT 3-ELDER CARE ASSISTENCE AND MONITORING SYSTEM\datasets\cleaned\fall_dataset\images\train\fall111.jpg
fall112.jpg,"[0.0, 0.468972, 0.622931, 0.218085, 0.34279, 2.0, 0.907801, 0.460993, 0.184397, 0.43026]",E:\PROJECT FILE\PROJECT 3-ELDER CARE ASSISTENCE AND MONITORING SYSTEM\datasets\cleaned\fall_dataset\images\train\fall112.jpg
fall113.jpg,"[0.0, 0.355496, 0.840426, 0.512411, 0.319148]",E:\PROJECT FILE\PROJECT 3-ELDER CARE ASSISTENCE AND MONITORING SYSTEM\datasets\cleaned\fall_dataset\images\train\fall113.jpg
fall114.jpg,"[0.0, 0.464539, 0.63948, 0.234043, 0.546099, 2.0, 0.904255, 0.452719, 0.191489, 0.446809]",E:\PROJECT FILE\PROJECT 3-ELDER CARE ASSISTENCE AND MONITORING SYSTEM\datasets\cleaned\fall_dataset\images\train\fall114.jpg
fall115.jpg,"[0.0, 0.454787, 0.640662, 0.239362, 0.553191, 2.0, 0.906028, 0.460993, 0.180851, 0.434988]",E:\PROJECT FILE\PROJECT 3-ELDER CARE ASSISTENCE AND MONITORING SYSTEM\datasets\cleaned\fall_dataset\images\train\fall115.jpg
fall116.jpg,"[2.0, 0.906915, 0.449173, 0.18617, 0.434988, 0.0, 0.45922, 0.698582, 0.223404, 0.413712]",E:\PROJECT FILE\PROJECT 3-ELDER CARE ASSISTENCE AND MONITORING SYSTEM\datasets\cleaned\fall_dataset\images\train\fall116.jpg
fall117.jpg,"[0.0, 0.605496, 0.745863, 0.31383, 0.508274]",E:\PROJECT FILE\PROJECT 3-ELDER CARE ASSISTENCE AND MONITORING SYSTEM\datasets\cleaned\fall_dataset\images\train\fall117.jpg
fall118.jpg,"[0.0, 0.566489, 0.815603, 0.388298, 0.368794]",E:\PROJECT FILE\PROJECT 3-ELDER CARE ASSISTENCE AND MONITORING SYSTEM\datasets\cleaned\fall_dataset\images\train\fall118.jpg
fall119.jpg,"[0.0, 0.507092, 0.566194, 0.205674, 0.271868, 2.0, 0.917553, 0.457447, 0.164894, 0.423168]",E:\PROJECT FILE\PROJECT 3-ELDER CARE ASSISTENCE AND MONITORING SYSTEM\datasets\cleaned\fall_dataset\images\train\fall119.jpg
fall120.jpg,"[2.0, 0.902482, 0.455083, 0.195035, 0.427896, 0.0, 0.496454, 0.63357, 0.205674, 0.241135]",E:\PROJECT FILE\PROJECT 3-ELDER CARE ASSISTENCE AND MONITORING SYSTEM\datasets\cleaned\fall_dataset\images\train\fall120.jpg
fall121.jpg,"[0.0, 0.486702, 0.667849, 0.214539, 0.34279, 2.0, 0.911348, 0.431442, 0.177304, 0.404255]",E:\PROJECT FILE\PROJECT 3-ELDER CARE ASSISTENCE AND MONITORING SYSTEM\datasets\cleaned\fall_dataset\images\train\fall121.jpg
fall122.jpg,"[0.0, 0.495567, 0.904255, 0.512411, 0.191489]",E:\PROJECT FILE\PROJECT 3-ELDER CARE ASSISTENCE AND MONITORING SYSTEM\datasets\cleaned\fall_dataset\images\train\fall122.jpg
fall123.jpg,"[0.0, 0.486702, 0.724586, 0.207447, 0.323877, 2.0, 0.916667, 0.460993, 0.166666, 0.439716]",E:\PROJECT FILE\PROJECT 3-ELDER CARE ASSISTENCE AND MONITORING SYSTEM\datasets\cleaned\fall_dataset\images\train\fall123.jpg
fall124.jpg,"[0.0, 0.513298, 0.864066, 0.420213, 0.271868]",E:\PROJECT FILE\PROJECT 3-ELDER CARE ASSISTENCE AND MONITORING SYSTEM\datasets\cleaned\fall_dataset\images\train\fall124.jpg
fall125.jpg,"[0.0, 0.446809, 0.885343, 0.556738, 0.229314]",E:\PROJECT FILE\PROJECT 3-ELDER CARE ASSISTENCE AND MONITORING SYSTEM\datasets\cleaned\fall_dataset\images\train\fall125.jpg
fall126.jpg,"[0.0, 0.468972, 0.58747, 0.257092, 0.536643]",E:\PROJECT FILE\PROJECT 3-ELDER CARE ASSISTENCE AND MONITORING SYSTEM\datasets\cleaned\fall_dataset\images\train\fall126.jpg
fall127.jpg,"[0.0, 0.426418, 0.752955, 0.356383, 0.49409]",E:\PROJECT FILE\PROJECT 3-ELDER CARE ASSISTENCE AND MONITORING SYSTEM\datasets\cleaned\fall_dataset\images\train\fall127.jpg
fall128.jpg,"[0.0, 0.405142, 0.822695, 0.423759, 0.35461]",E:\PROJECT FILE\PROJECT 3-ELDER CARE ASSISTENCE AND MONITORING SYSTEM\datasets\cleaned\fall_dataset\images\train\fall128.jpg
fall129.jpg,"[0.0, 0.539894, 0.871158, 0.374113, 0.257683]",E:\PROJECT FILE\PROJECT 3-ELDER CARE ASSISTENCE AND MONITORING SYSTEM\datasets\cleaned\fall_dataset\images\train\fall129.jpg
fall130.jpg,"[0.0, 0.430851, 0.377069, 0.308511, 0.6974]",E:\PROJECT FILE\PROJECT 3-ELDER CARE ASSISTENCE AND MONITORING SYSTEM\datasets\cleaned\fall_dataset\images\train\fall130.jpg
fall131.jpg,"[0.0, 0.460106, 0.556738, 0.274823, 0.669031]",E:\PROJECT FILE\PROJECT 3-ELDER CARE ASSISTENCE AND MONITORING SYSTEM\datasets\cleaned\fall_dataset\images\train\fall131.jpg
fall132.jpg,"[0.0, 0.467199, 0.86643, 0.562057, 0.267139]",E:\PROJECT FILE\PROJECT 3-ELDER CARE ASSISTENCE AND MONITORING SYSTEM\datasets\cleaned\fall_dataset\images\train\fall132.jpg
fall133.jpg,"[0.0, 0.413121, 0.841608, 0.609929, 0.316784]",E:\PROJECT FILE\PROJECT 3-ELDER CARE ASSISTENCE AND MONITORING SYSTEM\datasets\cleaned\fall_dataset\images\train\fall133.jpg
fall134.jpg,"[0.0, 0.487589, 0.5, 0.507092, 0.309693]",E:\PROJECT FILE\PROJECT 3-ELDER CARE ASSISTENCE AND MONITORING SYSTEM\datasets\cleaned\fall_dataset\images\train\fall134.jpg
fall135.jpg,"[0.0, 0.431738, 0.57565, 0.448582, 0.356974]",E:\PROJECT FILE\PROJECT 3-ELDER CARE ASSISTENCE AND MONITORING SYSTEM\datasets\cleaned\fall_dataset\images\train\fall135.jpg
fall136.jpg,"[0.0, 0.499113, 0.736407, 0.345745, 0.527186]",E:\PROJECT FILE\PROJECT 3-ELDER CARE ASSISTENCE AND MONITORING SYSTEM\datasets\cleaned\fall_dataset\images\train\fall136.jpg
fall137.jpg,"[0.0, 0.432624, 0.822695, 0.510638, 0.35461]",E:\PROJECT FILE\PROJECT 3-ELDER CARE ASSISTENCE AND MONITORING SYSTEM\datasets\cleaned\fall_dataset\images\train\fall137.jpg
fall138.jpg,"[0.0, 0.435284, 0.439716, 0.317376, 0.501182]",E:\PROJECT FILE\PROJECT 3-ELDER CARE ASSISTENCE AND MONITORING SYSTEM\datasets\cleaned\fall_dataset\images\train\fall138.jpg
fall139.jpg,"[0.0, 0.437057, 0.432624, 0.398936, 0.543735]",E:\PROJECT FILE\PROJECT 3-ELDER CARE ASSISTENCE AND MONITORING SYSTEM\datasets\cleaned\fall_dataset\images\train\fall139.jpg
fall140.jpg,"[0.0, 0.487589, 0.803783, 0.453901, 0.378251]",E:\PROJECT FILE\PROJECT 3-ELDER CARE ASSISTENCE AND MONITORING SYSTEM\datasets\cleaned\fall_dataset\images\train\fall140.jpg
fall141.jpg,"[0.0, 0.413121, 0.832151, 0.556738, 0.330969]",E:\PROJECT FILE\PROJECT 3-ELDER CARE ASSISTENCE AND MONITORING SYSTEM\datasets\cleaned\fall_dataset\images\train\fall141.jpg
fall142.jpg,"[0.0, 0.45922, 0.56974, 0.400709, 0.307329]",E:\PROJECT FILE\PROJECT 3-ELDER CARE ASSISTENCE AND MONITORING SYSTEM\datasets\cleaned\fall_dataset\images\train\fall142.jpg
fall143.jpg,"[0.0, 0.440603, 0.890071, 0.597518, 0.219858]",E:\PROJECT FILE\PROJECT 3-ELDER CARE ASSISTENCE AND MONITORING SYSTEM\datasets\cleaned\fall_dataset\images\train\fall143.jpg
fall144.jpg,"[0.0, 0.414894, 0.635934, 0.404255, 0.359338]",E:\PROJECT FILE\PROJECT 3-ELDER CARE ASSISTENCE AND MONITORING SYSTEM\datasets\cleaned\fall_dataset\images\train\fall144.jpg
fall145.jpg,"[0.0, 0.518617, 0.825059, 0.384752, 0.326241]",E:\PROJECT FILE\PROJECT 3-ELDER CARE ASSISTENCE AND MONITORING SYSTEM\datasets\cleaned\fall_dataset\images\train\fall145.jpg
fall146.jpg,"[0.0, 0.458333, 0.786052, 0.448582, 0.427896]",E:\PROJECT FILE\PROJECT 3-ELDER CARE ASSISTENCE AND MONITORING SYSTEM\datasets\cleaned\fall_dataset\images\train\fall146.jpg
fall147.jpg,"[0.0, 0.498227, 0.878251, 0.421986, 0.243498]",E:\PROJECT FILE\PROJECT 3-ELDER CARE ASSISTENCE AND MONITORING SYSTEM\datasets\cleaned\fall_dataset\images\train\fall147.jpg
fall148.jpg,"[0.0, 0.481383, 0.297872, 0.33156, 0.595744]",E:\PROJECT FILE\PROJECT 3-ELDER CARE ASSISTENCE AND MONITORING SYSTEM\datasets\cleaned\fall_dataset\images\train\fall148.jpg
fall149.jpg,"[0.0, 0.470745, 0.439716, 0.303191, 0.624113]",E:\PROJECT FILE\PROJECT 3-ELDER CARE ASSISTENCE AND MONITORING SYSTEM\datasets\cleaned\fall_dataset\images\train\fall149.jpg
fall150.jpg,"[0.0, 0.453901, 0.549645, 0.326241, 0.602837]",E:\PROJECT FILE\PROJECT 3-ELDER CARE ASSISTENCE AND MONITORING SYSTEM\datasets\cleaned\fall_dataset\images\train\fall150.jpg
fall151.jpg,"[0.0, 0.557624, 0.730496, 0.430851, 0.524823]",E:\PROJECT FILE\PROJECT 3-ELDER CARE ASSISTENCE AND MONITORING SYSTEM\datasets\cleaned\fall_dataset\images\train\fall151.jpg
fall152.jpg,"[0.0, 0.440603, 0.758865, 0.374113, 0.330969]",E:\PROJECT FILE\PROJECT 3-ELDER CARE ASSISTENCE AND MONITORING SYSTEM\datasets\cleaned\fall_dataset\images\train\fall152.jpg
fall153.jpg,"[0.0, 0.439716, 0.833333, 0.375887, 0.333333]",E:\PROJECT FILE\PROJECT 3-ELDER CARE ASSISTENCE AND MONITORING SYSTEM\datasets\cleaned\fall_dataset\images\train\fall153.jpg
fall154.jpg,"[0.0, 0.489362, 0.650118, 0.241135, 0.364066, 2.0, 0.914007, 0.411348, 0.171986, 0.368794]",E:\PROJECT FILE\PROJECT 3-ELDER CARE ASSISTENCE AND MONITORING SYSTEM\datasets\cleaned\fall_dataset\images\train\fall154.jpg
fall155.jpg,"[0.0, 0.480496, 0.465721, 0.37234, 0.321513]",E:\PROJECT FILE\PROJECT 3-ELDER CARE ASSISTENCE AND MONITORING SYSTEM\datasets\cleaned\fall_dataset\images\train\fall155.jpg
fall156.jpg,"[0.0, 0.414894, 0.388889, 0.333333, 0.484634]",E:\PROJECT FILE\PROJECT 3-ELDER CARE ASSISTENCE AND MONITORING SYSTEM\datasets\cleaned\fall_dataset\images\train\fall156.jpg
fall157.jpg,"[0.0, 0.419326, 0.455083, 0.359929, 0.489362]",E:\PROJECT FILE\PROJECT 3-ELDER CARE ASSISTENCE AND MONITORING SYSTEM\datasets\cleaned\fall_dataset\images\train\fall157.jpg
fall158.jpg,"[0.0, 0.39273, 0.780142, 0.367021, 0.401891]",E:\PROJECT FILE\PROJECT 3-ELDER CARE ASSISTENCE AND MONITORING SYSTEM\datasets\cleaned\fall_dataset\images\train\fall158.jpg
fall159.jpg,"[0.0, 0.390957, 0.750591, 0.466312, 0.498818]",E:\PROJECT FILE\PROJECT 3-ELDER CARE ASSISTENCE AND MONITORING SYSTEM\datasets\cleaned\fall_dataset\images\train\fall159.jpg
fall160.jpg,"[0.0, 0.424645, 0.797872, 0.466312, 0.404255]",E:\PROJECT FILE\PROJECT 3-ELDER CARE ASSISTENCE AND MONITORING SYSTEM\datasets\cleaned\fall_dataset\images\train\fall160.jpg
fall161.jpg,"[0.0, 0.506206, 0.827423, 0.487589, 0.345154]",E:\PROJECT FILE\PROJECT 3-ELDER CARE ASSISTENCE AND MONITORING SYSTEM\datasets\cleaned\fall_dataset\images\train\fall161.jpg
fall162.jpg,"[0.0, 0.421986, 0.447991, 0.308511, 0.565012]",E:\PROJECT FILE\PROJECT 3-ELDER CARE ASSISTENCE AND MONITORING SYSTEM\datasets\cleaned\fall_dataset\images\train\fall162.jpg
fall163.jpg,"[0.0, 0.471631, 0.599291, 0.351064, 0.49409]",E:\PROJECT FILE\PROJECT 3-ELDER CARE ASSISTENCE AND MONITORING SYSTEM\datasets\cleaned\fall_dataset\images\train\fall163.jpg
fall164.jpg,"[0.0, 0.50266, 0.78487, 0.45922, 0.43026]",E:\PROJECT FILE\PROJECT 3-ELDER CARE ASSISTENCE AND MONITORING SYSTEM\datasets\cleaned\fall_dataset\images\train\fall164.jpg
fall165.jpg,"[2.0, 0.910461, 0.42435, 0.179078, 0.385343, 0.0, 0.489362, 0.64539, 0.255319, 0.401891]",E:\PROJECT FILE\PROJECT 3-ELDER CARE ASSISTENCE AND MONITORING SYSTEM\datasets\cleaned\fall_dataset\images\train\fall165.jpg
fall166.jpg,"[0.0, 0.389184, 0.843972, 0.601064, 0.3026]",E:\PROJECT FILE\PROJECT 3-ELDER CARE ASSISTENCE AND MONITORING SYSTEM\datasets\cleaned\fall_dataset\images\train\fall166.jpg
fall167.jpg,"[0.0, 0.481383, 0.486998, 0.406028, 0.3026]",E:\PROJECT FILE\PROJECT 3-ELDER CARE ASSISTENCE AND MONITORING SYSTEM\datasets\cleaned\fall_dataset\images\train\fall167.jpg
fall168.jpg,"[0.0, 0.464539, 0.717494, 0.358156, 0.536643]",E:\PROJECT FILE\PROJECT 3-ELDER CARE ASSISTENCE AND MONITORING SYSTEM\datasets\cleaned\fall_dataset\images\train\fall168.jpg
fall169.jpg,"[0.0, 0.337766, 0.79669, 0.512411, 0.406619]",E:\PROJECT FILE\PROJECT 3-ELDER CARE ASSISTENCE AND MONITORING SYSTEM\datasets\cleaned\fall_dataset\images\train\fall169.jpg
fall170.jpg,"[0.0, 0.279255, 0.767139, 0.501773, 0.465721]",E:\PROJECT FILE\PROJECT 3-ELDER CARE ASSISTENCE AND MONITORING SYSTEM\datasets\cleaned\fall_dataset\images\train\fall170.jpg
fall171.jpg,"[0.0, 0.35195, 0.862884, 0.576241, 0.274232]",E:\PROJECT FILE\PROJECT 3-ELDER CARE ASSISTENCE AND MONITORING SYSTEM\datasets\cleaned\fall_dataset\images\train\fall171.jpg
fall172.jpg,"[0.0, 0.386525, 0.595745, 0.379433, 0.416076]",E:\PROJECT FILE\PROJECT 3-ELDER CARE ASSISTENCE AND MONITORING SYSTEM\datasets\cleaned\fall_dataset\images\train\fall172.jpg
fall173.jpg,"[0.0, 0.48227, 0.470449, 0.425532, 0.43026]",E:\PROJECT FILE\PROJECT 3-ELDER CARE ASSISTENCE AND MONITORING SYSTEM\datasets\cleaned\fall_dataset\images\train\fall173.jpg
fall174.jpg,"[0.0, 0.490248, 0.554374, 0.391844, 0.460993]",E:\PROJECT FILE\PROJECT 3-ELDER CARE ASSISTENCE AND MONITORING SYSTEM\datasets\cleaned\fall_dataset\images\train\fall174.jpg
fall175.jpg,"[0.0, 0.487589, 0.432624, 0.393617, 0.534279]",E:\PROJECT FILE\PROJECT 3-ELDER CARE ASSISTENCE AND MONITORING SYSTEM\datasets\cleaned\fall_dataset\images\train\fall175.jpg
fall176.jpg,"[0.0, 0.488475, 0.626478, 0.182624, 0.345154, 2.0, 0.921986, 0.440898, 0.156028, 0.427896]",E:\PROJECT FILE\PROJECT 3-ELDER CARE ASSISTENCE AND MONITORING SYSTEM\datasets\cleaned\fall_dataset\images\train\fall176.jpg
fall177.jpg,"[0.0, 0.501773, 0.37234, 0.471631, 0.74468]",E:\PROJECT FILE\PROJECT 3-ELDER CARE ASSISTENCE AND MONITORING SYSTEM\datasets\cleaned\fall_dataset\images\train\fall177.jpg
fall178.jpg,"[0.0, 0.564716, 0.781324, 0.501773, 0.314421]",E:\PROJECT FILE\PROJECT 3-ELDER CARE ASSISTENCE AND MONITORING SYSTEM\datasets\cleaned\fall_dataset\images\train\fall178.jpg
fall179.jpg,"[0.0, 0.508865, 0.739953, 0.471631, 0.35461]",E:\PROJECT FILE\PROJECT 3-ELDER CARE ASSISTENCE AND MONITORING SYSTEM\datasets\cleaned\fall_dataset\images\train\fall179.jpg
fall180.jpg,"[0.0, 0.512411, 0.439716, 0.414894, 0.453901]",E:\PROJECT FILE\PROJECT 3-ELDER CARE ASSISTENCE AND MONITORING SYSTEM\datasets\cleaned\fall_dataset\images\train\fall180.jpg
fall181.jpg,"[0.0, 0.441489, 0.795508, 0.294326, 0.408983, 1.0, 0.137411, 0.530733, 0.143617, 0.172577]",E:\PROJECT FILE\PROJECT 3-ELDER CARE ASSISTENCE AND MONITORING SYSTEM\datasets\cleaned\fall_dataset\images\train\fall181.jpg
fall182.jpg,"[0.0, 0.429078, 0.36643, 0.276596, 0.73286]",E:\PROJECT FILE\PROJECT 3-ELDER CARE ASSISTENCE AND MONITORING SYSTEM\datasets\cleaned\fall_dataset\images\train\fall182.jpg
fall183.jpg,"[0.0, 0.417553, 0.457447, 0.289007, 0.72104]",E:\PROJECT FILE\PROJECT 3-ELDER CARE ASSISTENCE AND MONITORING SYSTEM\datasets\cleaned\fall_dataset\images\train\fall183.jpg
fall184.jpg,"[0.0, 0.589539, 0.812057, 0.448582, 0.375886, 1.0, 0.12766, 0.51773, 0.106383, 0.156028]",E:\PROJECT FILE\PROJECT 3-ELDER CARE ASSISTENCE AND MONITORING SYSTEM\datasets\cleaned\fall_dataset\images\train\fall184.jpg
fall185.jpg,"[0.0, 0.489362, 0.882979, 0.460993, 0.21513, 1.0, 0.136525, 0.504728, 0.113475, 0.134752]",E:\PROJECT FILE\PROJECT 3-ELDER CARE ASSISTENCE AND MONITORING SYSTEM\datasets\cleaned\fall_dataset\images\train\fall185.jpg
fall186.jpg,"[0.0, 0.448582, 0.364066, 0.450355, 0.359338]",E:\PROJECT FILE\PROJECT 3-ELDER CARE ASSISTENCE AND MONITORING SYSTEM\datasets\cleaned\fall_dataset\images\train\fall186.jpg
fall187.jpg,"[0.0, 0.452128, 0.853428, 0.535461, 0.27896]",E:\PROJECT FILE\PROJECT 3-ELDER CARE ASSISTENCE AND MONITORING SYSTEM\datasets\cleaned\fall_dataset\images\train\fall187.jpg
fall188.jpg,"[0.0, 0.640071, 0.832151, 0.27305, 0.321513]",E:\PROJECT FILE\PROJECT 3-ELDER CARE ASSISTENCE AND MONITORING SYSTEM\datasets\cleaned\fall_dataset\images\train\fall188.jpg
fall189.jpg,"[0.0, 0.629433, 0.839243, 0.283688, 0.274232]",E:\PROJECT FILE\PROJECT 3-ELDER CARE ASSISTENCE AND MONITORING SYSTEM\datasets\cleaned\fall_dataset\images\train\fall189.jpg
fall190.jpg,"[0.0, 0.609043, 0.319149, 0.26773, 0.638298, 1.0, 0.939716, 0.944444, 0.120567, 0.092199]",E:\PROJECT FILE\PROJECT 3-ELDER CARE ASSISTENCE AND MONITORING SYSTEM\datasets\cleaned\fall_dataset\images\train\fall190.jpg
fall191.jpg,"[1.0, 0.932624, 0.960993, 0.134752, 0.078014, 0.0, 0.5, 0.393617, 0.29078, 0.664303]",E:\PROJECT FILE\PROJECT 3-ELDER CARE ASSISTENCE AND MONITORING SYSTEM\datasets\cleaned\fall_dataset\images\train\fall191.jpg
fall192.jpg,"[0.0, 0.514184, 0.754137, 0.27305, 0.439716]",E:\PROJECT FILE\PROJECT 3-ELDER CARE ASSISTENCE AND MONITORING SYSTEM\datasets\cleaned\fall_dataset\images\train\fall192.jpg
fall193.jpg,"[0.0, 0.51098, 0.664312, 0.738176, 0.534398]",E:\PROJECT FILE\PROJECT 3-ELDER CARE ASSISTENCE AND MONITORING SYSTEM\datasets\cleaned\fall_dataset\images\train\fall193.jpg
fall194.jpg,"[0.0, 0.634291, 0.719595, 0.342905, 0.300983]",E:\PROJECT FILE\PROJECT 3-ELDER CARE ASSISTENCE AND MONITORING SYSTEM\datasets\cleaned\fall_dataset\images\train\fall194.jpg
fall195.jpg,"[0.0, 0.523936, 0.719858, 0.448582, 0.560284]",E:\PROJECT FILE\PROJECT 3-ELDER CARE ASSISTENCE AND MONITORING SYSTEM\datasets\cleaned\fall_dataset\images\train\fall195.jpg
fall196.jpg,"[0.0, 0.458333, 0.404255, 0.253546, 0.789598]",E:\PROJECT FILE\PROJECT 3-ELDER CARE ASSISTENCE AND MONITORING SYSTEM\datasets\cleaned\fall_dataset\images\train\fall196.jpg
fall197.jpg,"[0.0, 0.467199, 0.596927, 0.413121, 0.375887]",E:\PROJECT FILE\PROJECT 3-ELDER CARE ASSISTENCE AND MONITORING SYSTEM\datasets\cleaned\fall_dataset\images\train\fall197.jpg
fall198.jpg,"[0.0, 0.47695, 0.665485, 0.20922, 0.347518, 2.0, 0.914894, 0.457447, 0.170212, 0.423168]",E:\PROJECT FILE\PROJECT 3-ELDER CARE ASSISTENCE AND MONITORING SYSTEM\datasets\cleaned\fall_dataset\images\train\fall198.jpg
fall199.jpg,"[0.0, 0.5, 0.84279, 0.304965, 0.31442]",E:\PROJECT FILE\PROJECT 3-ELDER CARE ASSISTENCE AND MONITORING SYSTEM\datasets\cleaned\fall_dataset\images\train\fall199.jpg
fall200.jpg,"[0.0, 0.508865, 0.882979, 0.308511, 0.234042]",E:\PROJECT FILE\PROJECT 3-ELDER CARE ASSISTENCE AND MONITORING SYSTEM\datasets\cleaned\fall_dataset\images\train\fall200.jpg
fall201.jpg,"[0.0, 0.491135, 0.484634, 0.237589, 0.803783]",E:\PROJECT FILE\PROJECT 3-ELDER CARE ASSISTENCE AND MONITORING SYSTEM\datasets\cleaned\fall_dataset\images\train\fall201.jpg
fall202.jpg,"[0.0, 0.412078, 0.374704, 0.454454, 0.385343]",E:\PROJECT FILE\PROJECT 3-ELDER CARE ASSISTENCE AND MONITORING SYSTEM\datasets\cleaned\fall_dataset\images\train\fall202.jpg
fall203.jpg,"[0.0, 0.578547, 0.618243, 0.555743, 0.331695]",E:\PROJECT FILE\PROJECT 3-ELDER CARE ASSISTENCE AND MONITORING SYSTEM\datasets\cleaned\fall_dataset\images\train\fall203.jpg
fall204.jpg,"[0.0, 0.584459, 0.535319, 0.52027, 0.350123]",E:\PROJECT FILE\PROJECT 3-ELDER CARE ASSISTENCE AND MONITORING SYSTEM\datasets\cleaned\fall_dataset\images\train\fall204.jpg
fall205.jpg,"[0.0, 0.336993, 0.78102, 0.278716, 0.436118]",E:\PROJECT FILE\PROJECT 3-ELDER CARE ASSISTENCE AND MONITORING SYSTEM\datasets\cleaned\fall_dataset\images\train\fall205.jpg
fall206.jpg,"[0.0, 0.391892, 0.75645, 0.304054, 0.460688]",E:\PROJECT FILE\PROJECT 3-ELDER CARE ASSISTENCE AND MONITORING SYSTEM\datasets\cleaned\fall_dataset\images\train\fall206.jpg
fall207.jpg,"[0.0, 0.495567, 0.841608, 0.441489, 0.316784]",E:\PROJECT FILE\PROJECT 3-ELDER CARE ASSISTENCE AND MONITORING SYSTEM\datasets\cleaned\fall_dataset\images\train\fall207.jpg
fall208.jpg,"[0.0, 0.478723, 0.631206, 0.390071, 0.553191]",E:\PROJECT FILE\PROJECT 3-ELDER CARE ASSISTENCE AND MONITORING SYSTEM\datasets\cleaned\fall_dataset\images\train\fall208.jpg
not fallen001.jpg,"[2.0, 0.528716, 0.525847, 0.655405, 0.948306]",E:\PROJECT FILE\PROJECT 3-ELDER CARE ASSISTENCE AND MONITORING SYSTEM\datasets\cleaned\fall_dataset\images\train\not fallen001.jpg
not fallen002.jpg,"[1.0, 0.527872, 0.681682, 0.099662, 0.504505, 1.0, 0.592061, 0.605105, 0.065878, 0.363363]",E:\PROJECT FILE\PROJECT 3-ELDER CARE ASSISTENCE AND MONITORING SYSTEM\datasets\cleaned\fall_dataset\images\train\not fallen002.jpg
not fallen003.jpg,"[2.0, 0.432432, 0.581143, 0.351351, 0.585755]",E:\PROJECT FILE\PROJECT 3-ELDER CARE ASSISTENCE AND MONITORING SYSTEM\datasets\cleaned\fall_dataset\images\train\not fallen003.jpg
not fallen004.jpg,"[1.0, 0.299534, 0.585106, 0.29449, 0.617021]",E:\PROJECT FILE\PROJECT 3-ELDER CARE ASSISTENCE AND MONITORING SYSTEM\datasets\cleaned\fall_dataset\images\train\not fallen004.jpg
not fallen005.jpg,"[2.0, 0.319257, 0.55588, 0.554054, 0.881373]",E:\PROJECT FILE\PROJECT 3-ELDER CARE ASSISTENCE AND MONITORING SYSTEM\datasets\cleaned\fall_dataset\images\train\not fallen005.jpg
not fallen006.jpg,"[1.0, 0.453817, 0.455083, 0.59683, 0.853428]",E:\PROJECT FILE\PROJECT 3-ELDER CARE ASSISTENCE AND MONITORING SYSTEM\datasets\cleaned\fall_dataset\images\train\not fallen006.jpg
not fallen007.jpg,"[1.0, 0.540541, 0.521115, 0.290541, 0.763152]",E:\PROJECT FILE\PROJECT 3-ELDER CARE ASSISTENCE AND MONITORING SYSTEM\datasets\cleaned\fall_dataset\images\train\not fallen007.jpg
not fallen008.jpg,"[2.0, 0.477196, 0.631595, 0.29223, 0.706318]",E:\PROJECT FILE\PROJECT 3-ELDER CARE ASSISTENCE AND MONITORING SYSTEM\datasets\cleaned\fall_dataset\images\train\not fallen008.jpg
not fallen009.jpg,"[2.0, 0.510135, 0.506948, 0.47973, 0.986103]",E:\PROJECT FILE\PROJECT 3-ELDER CARE ASSISTENCE AND MONITORING SYSTEM\datasets\cleaned\fall_dataset\images\train\not fallen009.jpg
not fallen010.jpg,"[2.0, 0.311655, 0.564729, 0.255068, 0.533064]",E:\PROJECT FILE\PROJECT 3-ELDER CARE ASSISTENCE AND MONITORING SYSTEM\datasets\cleaned\fall_dataset\images\train\not fallen010.jpg
not fallen011.jpg,"[1.0, 0.494932, 0.543705, 0.266892, 0.696716]",E:\PROJECT FILE\PROJECT 3-ELDER CARE ASSISTENCE AND MONITORING SYSTEM\datasets\cleaned\fall_dataset\images\train\not fallen011.jpg
not fallen012.jpg,"[1.0, 0.584459, 0.633266, 0.293919, 0.710752]",E:\PROJECT FILE\PROJECT 3-ELDER CARE ASSISTENCE AND MONITORING SYSTEM\datasets\cleaned\fall_dataset\images\train\not fallen012.jpg
not fallen013.jpg,"[2.0, 0.606419, 0.50441, 0.787162, 0.99118]",E:\PROJECT FILE\PROJECT 3-ELDER CARE ASSISTENCE AND MONITORING SYSTEM\datasets\cleaned\fall_dataset\images\train\not fallen013.jpg
not fallen014.jpg,"[2.0, 0.496622, 0.591985, 0.993243, 0.81603]",E:\PROJECT FILE\PROJECT 3-ELDER CARE ASSISTENCE AND MONITORING SYSTEM\datasets\cleaned\fall_dataset\images\train\not fallen014.jpg
not fallen015.jpg,"[2.0, 0.502534, 0.5026, 0.907095, 0.9948]",E:\PROJECT FILE\PROJECT 3-ELDER CARE ASSISTENCE AND MONITORING SYSTEM\datasets\cleaned\fall_dataset\images\train\not fallen015.jpg
not fallen016.jpg,"[2.0, 0.452904, 0.515366, 0.617481, 0.884161]",E:\PROJECT FILE\PROJECT 3-ELDER CARE ASSISTENCE AND MONITORING SYSTEM\datasets\cleaned\fall_dataset\images\train\not fallen016.jpg
not fallen017.jpg,"[2.0, 0.629668, 0.632388, 0.706959, 0.413712, 2.0, 0.847695, 0.473995, 0.304609, 0.248227, 1.0, 0.157178, 0.330969, 0.081709, 0.122931, 2.0, 0.462724, 0.374653, 0.081863, 0.077089, 1.0, 0.332206, 0.317607, 0.052516, 0.10073, 1.0, 0.376999, 0.318635, 0.049427, 0.090451, 1.0, 0.429515, 0.325316, 0.046338, 0.077089, 1.0, 0.487437, 0.315038, 0.047882, 0.093535]",E:\PROJECT FILE\PROJECT 3-ELDER CARE ASSISTENCE AND MONITORING SYSTEM\datasets\cleaned\fall_dataset\images\train\not fallen017.jpg
not fallen018.jpg,"[2.0, 0.503378, 0.548409, 0.993243, 0.903182]",E:\PROJECT FILE\PROJECT 3-ELDER CARE ASSISTENCE AND MONITORING SYSTEM\datasets\cleaned\fall_dataset\images\train\not fallen018.jpg
not fallen019.jpg,"[2.0, 0.491371, 0.420016, 0.859477, 0.713948]",E:\PROJECT FILE\PROJECT 3-ELDER CARE ASSISTENCE AND MONITORING SYSTEM\datasets\cleaned\fall_dataset\images\train\not fallen019.jpg
not fallen020.jpg,"[2.0, 0.489865, 0.523353, 0.77027, 0.906956]",E:\PROJECT FILE\PROJECT 3-ELDER CARE ASSISTENCE AND MONITORING SYSTEM\datasets\cleaned\fall_dataset\images\train\not fallen020.jpg
not fallen021.jpg,"[2.0, 0.522804, 0.543763, 0.322635, 0.906224]",E:\PROJECT FILE\PROJECT 3-ELDER CARE ASSISTENCE AND MONITORING SYSTEM\datasets\cleaned\fall_dataset\images\train\not fallen021.jpg
not fallen022.jpg,"[2.0, 0.419764, 0.505332, 0.572635, 0.831862]",E:\PROJECT FILE\PROJECT 3-ELDER CARE ASSISTENCE AND MONITORING SYSTEM\datasets\cleaned\fall_dataset\images\train\not fallen022.jpg
not fallen023.jpg,"[1.0, 0.638514, 0.58419, 0.128378, 0.741213, 1.0, 0.876689, 0.417925, 0.067568, 0.256378, 1.0, 0.71875, 0.449655, 0.069257, 0.309685, 1.0, 0.498311, 0.463616, 0.084459, 0.327453, 1.0, 0.390203, 0.424271, 0.084459, 0.329992]",E:\PROJECT FILE\PROJECT 3-ELDER CARE ASSISTENCE AND MONITORING SYSTEM\datasets\cleaned\fall_dataset\images\train\not fallen023.jpg
not fallen024.jpg,"[1.0, 0.503483, 0.483846, 0.167181, 0.676123, 1.0, 0.678501, 0.409377, 0.10623, 0.385343, 1.0, 0.782989, 0.368006, 0.057468, 0.260047, 1.0, 0.848294, 0.371552, 0.069659, 0.271868, 1.0, 0.358941, 0.368006, 0.062693, 0.231678, 1.0, 0.603617, 0.332545, 0.026122, 0.132388]",E:\PROJECT FILE\PROJECT 3-ELDER CARE ASSISTENCE AND MONITORING SYSTEM\datasets\cleaned\fall_dataset\images\train\not fallen024.jpg
not fallen025.jpg,"[1.0, 0.609797, 0.58419, 0.206081, 0.731059]",E:\PROJECT FILE\PROJECT 3-ELDER CARE ASSISTENCE AND MONITORING SYSTEM\datasets\cleaned\fall_dataset\images\train\not fallen025.jpg
not fallen026.jpg,"[1.0, 0.22376, 0.538219, 0.233741, 0.713948]",E:\PROJECT FILE\PROJECT 3-ELDER CARE ASSISTENCE AND MONITORING SYSTEM\datasets\cleaned\fall_dataset\images\train\not fallen026.jpg
not fallen027.jpg,"[1.0, 0.492399, 0.599421, 0.146959, 0.720905, 1.0, 0.163007, 0.501692, 0.076014, 0.312223, 1.0, 0.298142, 0.400156, 0.032095, 0.154842, 1.0, 0.326014, 0.416656, 0.037162, 0.131997]",E:\PROJECT FILE\PROJECT 3-ELDER CARE ASSISTENCE AND MONITORING SYSTEM\datasets\cleaned\fall_dataset\images\train\not fallen027.jpg
not fallen028.jpg,"[1.0, 0.644426, 0.575306, 0.163851, 0.525449]",E:\PROJECT FILE\PROJECT 3-ELDER CARE ASSISTENCE AND MONITORING SYSTEM\datasets\cleaned\fall_dataset\images\train\not fallen028.jpg
not fallen029.jpg,"[1.0, 0.490709, 0.583176, 0.130068, 0.562188]",E:\PROJECT FILE\PROJECT 3-ELDER CARE ASSISTENCE AND MONITORING SYSTEM\datasets\cleaned\fall_dataset\images\train\not fallen029.jpg
not fallen030.jpg,"[2.0, 0.47288, 0.493302, 0.383068, 0.86052]",E:\PROJECT FILE\PROJECT 3-ELDER CARE ASSISTENCE AND MONITORING SYSTEM\datasets\cleaned\fall_dataset\images\train\not fallen030.jpg
not fallen031.jpg,"[2.0, 0.473356, 0.617415, 0.515121, 0.749409]",E:\PROJECT FILE\PROJECT 3-ELDER CARE ASSISTENCE AND MONITORING SYSTEM\datasets\cleaned\fall_dataset\images\train\not fallen031.jpg
not fallen032.jpg,"[2.0, 0.397453, 0.490938, 0.601722, 0.846336]",E:\PROJECT FILE\PROJECT 3-ELDER CARE ASSISTENCE AND MONITORING SYSTEM\datasets\cleaned\fall_dataset\images\train\not fallen032.jpg
not fallen033.jpg,"[2.0, 0.511047, 0.524035, 0.804818, 0.794326]",E:\PROJECT FILE\PROJECT 3-ELDER CARE ASSISTENCE AND MONITORING SYSTEM\datasets\cleaned\fall_dataset\images\train\not fallen033.jpg
not fallen034.jpg,"[2.0, 0.548986, 0.586729, 0.307432, 0.786904]",E:\PROJECT FILE\PROJECT 3-ELDER CARE ASSISTENCE AND MONITORING SYSTEM\datasets\cleaned\fall_dataset\images\train\not fallen034.jpg
not fallen035.jpg,"[2.0, 0.375, 0.642573, 0.418919, 0.624446]",E:\PROJECT FILE\PROJECT 3-ELDER CARE ASSISTENCE AND MONITORING SYSTEM\datasets\cleaned\fall_dataset\images\train\not fallen035.jpg
not fallen036.jpg,"[2.0, 0.336149, 0.513115, 0.287162, 0.90367]",E:\PROJECT FILE\PROJECT 3-ELDER CARE ASSISTENCE AND MONITORING SYSTEM\datasets\cleaned\fall_dataset\images\train\not fallen036.jpg
not fallen037.jpg,"[2.0, 0.415541, 0.562614, 0.574324, 0.804673]",E:\PROJECT FILE\PROJECT 3-ELDER CARE ASSISTENCE AND MONITORING SYSTEM\datasets\cleaned\fall_dataset\images\train\not fallen037.jpg
not fallen038.jpg,"[1.0, 0.516892, 0.533422, 0.182432, 0.548294]",E:\PROJECT FILE\PROJECT 3-ELDER CARE ASSISTENCE AND MONITORING SYSTEM\datasets\cleaned\fall_dataset\images\train\not fallen038.jpg
not fallen039.jpg,"[1.0, 0.660251, 0.540583, 0.306643, 0.747045]",E:\PROJECT FILE\PROJECT 3-ELDER CARE ASSISTENCE AND MONITORING SYSTEM\datasets\cleaned\fall_dataset\images\train\not fallen039.jpg
not fallen040.jpg,"[1.0, 0.510449, 0.481481, 0.153249, 0.666667, 1.0, 0.605359, 0.326635, 0.036571, 0.148936, 1.0, 0.685466, 0.412924, 0.088815, 0.416076, 1.0, 0.785601, 0.369188, 0.062693, 0.271868, 1.0, 0.844811, 0.37037, 0.062693, 0.264775, 1.0, 0.362424, 0.363278, 0.069659, 0.231678]",E:\PROJECT FILE\PROJECT 3-ELDER CARE ASSISTENCE AND MONITORING SYSTEM\datasets\cleaned\fall_dataset\images\train\not fallen040.jpg
not fallen041.jpg,"[1.0, 0.455236, 0.509552, 0.633446, 0.965251]",E:\PROJECT FILE\PROJECT 3-ELDER CARE ASSISTENCE AND MONITORING SYSTEM\datasets\cleaned\fall_dataset\images\train\not fallen041.jpg
not fallen042.jpg,"[1.0, 0.420608, 0.589023, 0.206081, 0.821954, 2.0, 0.625, 0.756801, 0.054054, 0.177688, 2.0, 0.682432, 0.750455, 0.047297, 0.19038, 2.0, 0.138514, 0.755532, 0.054054, 0.180226, 2.0, 0.255068, 0.761878, 0.064189, 0.162458, 2.0, 0.017736, 0.758071, 0.035472, 0.19038, 2.0, 0.070946, 0.746648, 0.054054, 0.192918, 2.0, 0.200169, 0.634958, 0.032095, 0.045691, 2.0, 0.258446, 0.637497, 0.037162, 0.045691, 2.0, 0.600507, 0.636227, 0.035473, 0.027922, 2.0, 0.668074, 0.624805, 0.052365, 0.030461, 2.0, 0.736486, 0.660342, 0.027027, 0.065998, 2.0, 0.788851, 0.665419, 0.030405, 0.060922, 1.0, 0.858953, 0.643843, 0.065878, 0.129458, 2.0, 0.964527, 0.732687, 0.070946, 0.185303]",E:\PROJECT FILE\PROJECT 3-ELDER CARE ASSISTENCE AND MONITORING SYSTEM\datasets\cleaned\fall_dataset\images\train\not fallen042.jpg
not fallen043.jpg,"[1.0, 0.457369, 0.525217, 0.468938, 0.919622]",E:\PROJECT FILE\PROJECT 3-ELDER CARE ASSISTENCE AND MONITORING SYSTEM\datasets\cleaned\fall_dataset\images\train\not fallen043.jpg
not fallen044.jpg,"[1.0, 0.500845, 0.610168, 0.3125, 0.777939]",E:\PROJECT FILE\PROJECT 3-ELDER CARE ASSISTENCE AND MONITORING SYSTEM\datasets\cleaned\fall_dataset\images\train\not fallen044.jpg
not fallen045.jpg,"[1.0, 0.194885, 0.49212, 0.328585, 0.877069, 1.0, 0.950565, 0.350276, 0.09887, 0.427896, 2.0, 0.862724, 0.405831, 0.179228, 0.27896]",E:\PROJECT FILE\PROJECT 3-ELDER CARE ASSISTENCE AND MONITORING SYSTEM\datasets\cleaned\fall_dataset\images\train\not fallen045.jpg
not fallen046.jpg,"[1.0, 0.669764, 0.60069, 0.194257, 0.662522]",E:\PROJECT FILE\PROJECT 3-ELDER CARE ASSISTENCE AND MONITORING SYSTEM\datasets\cleaned\fall_dataset\images\train\not fallen046.jpg
not fallen047.jpg,"[1.0, 0.487331, 0.596882, 0.143581, 0.720905, 1.0, 0.576858, 0.424271, 0.048986, 0.203072, 1.0, 0.423142, 0.388734, 0.052365, 0.137074, 1.0, 0.298986, 0.401425, 0.027027, 0.157381, 1.0, 0.328547, 0.409041, 0.038851, 0.116766, 1.0, 0.173142, 0.491539, 0.055743, 0.291916]",E:\PROJECT FILE\PROJECT 3-ELDER CARE ASSISTENCE AND MONITORING SYSTEM\datasets\cleaned\fall_dataset\images\train\not fallen047.jpg
not fallen048.jpg,"[2.0, 0.627534, 0.501692, 0.319257, 0.936669]",E:\PROJECT FILE\PROJECT 3-ELDER CARE ASSISTENCE AND MONITORING SYSTEM\datasets\cleaned\fall_dataset\images\train\not fallen048.jpg
not fallen049.jpg,"[2.0, 0.689189, 0.512871, 0.5, 0.974258]",E:\PROJECT FILE\PROJECT 3-ELDER CARE ASSISTENCE AND MONITORING SYSTEM\datasets\cleaned\fall_dataset\images\train\not fallen049.jpg
not fallen050.jpg,"[2.0, 0.541477, 0.505122, 0.658553, 0.732861]",E:\PROJECT FILE\PROJECT 3-ELDER CARE ASSISTENCE AND MONITORING SYSTEM\datasets\cleaned\fall_dataset\images\train\not fallen050.jpg
not fallen051.jpg,"[2.0, 0.575169, 0.539768, 0.532095, 0.906208]",E:\PROJECT FILE\PROJECT 3-ELDER CARE ASSISTENCE AND MONITORING SYSTEM\datasets\cleaned\fall_dataset\images\train\not fallen051.jpg
not fallen052.jpg,"[2.0, 0.364258, 0.501576, 0.557845, 0.702128]",E:\PROJECT FILE\PROJECT 3-ELDER CARE ASSISTENCE AND MONITORING SYSTEM\datasets\cleaned\fall_dataset\images\train\not fallen052.jpg
not fallen053.jpg,"[2.0, 0.3181, 0.552403, 0.363799, 0.619385]",E:\PROJECT FILE\PROJECT 3-ELDER CARE ASSISTENCE AND MONITORING SYSTEM\datasets\cleaned\fall_dataset\images\train\not fallen053.jpg
not fallen054.jpg,"[2.0, 0.528716, 0.568144, 0.449324, 0.844786]",E:\PROJECT FILE\PROJECT 3-ELDER CARE ASSISTENCE AND MONITORING SYSTEM\datasets\cleaned\fall_dataset\images\train\not fallen054.jpg
not fallen055.jpg,"[2.0, 0.348818, 0.471231, 0.386824, 0.728521, 2.0, 0.713682, 0.496615, 0.525338, 0.637138]",E:\PROJECT FILE\PROJECT 3-ELDER CARE ASSISTENCE AND MONITORING SYSTEM\datasets\cleaned\fall_dataset\images\train\not fallen055.jpg
not fallen056.jpg,"[2.0, 0.422297, 0.543576, 0.5, 0.751366, 2.0, 0.121622, 0.36335, 0.155405, 0.360453]",E:\PROJECT FILE\PROJECT 3-ELDER CARE ASSISTENCE AND MONITORING SYSTEM\datasets\cleaned\fall_dataset\images\train\not fallen056.jpg
not fallen057.jpg,"[2.0, 0.577703, 0.539768, 0.814189, 0.870671]",E:\PROJECT FILE\PROJECT 3-ELDER CARE ASSISTENCE AND MONITORING SYSTEM\datasets\cleaned\fall_dataset\images\train\not fallen057.jpg
not fallen058.jpg,"[0.0, 0.467905, 0.474863, 0.93581, 0.883808]",E:\PROJECT FILE\PROJECT 3-ELDER CARE ASSISTENCE AND MONITORING SYSTEM\datasets\cleaned\fall_dataset\images\train\not fallen058.jpg
not fallen059.jpg,"[0.0, 0.532095, 0.463616, 0.93581, 0.880824]",E:\PROJECT FILE\PROJECT 3-ELDER CARE ASSISTENCE AND MONITORING SYSTEM\datasets\cleaned\fall_dataset\images\train\not fallen059.jpg
not fallen060.jpg,"[0.0, 0.521959, 0.633689, 0.787162, 0.479757]",E:\PROJECT FILE\PROJECT 3-ELDER CARE ASSISTENCE AND MONITORING SYSTEM\datasets\cleaned\fall_dataset\images\train\not fallen060.jpg
not fallen061.jpg,"[0.0, 0.491119, 0.558314, 0.73538, 0.839243]",E:\PROJECT FILE\PROJECT 3-ELDER CARE ASSISTENCE AND MONITORING SYSTEM\datasets\cleaned\fall_dataset\images\train\not fallen061.jpg
not fallen062.jpg,"[0.0, 0.505706, 0.429472, 0.52879, 0.770686]",E:\PROJECT FILE\PROJECT 3-ELDER CARE ASSISTENCE AND MONITORING SYSTEM\datasets\cleaned\fall_dataset\images\train\not fallen062.jpg
not fallen063.jpg,"[2.0, 0.564957, 0.425926, 0.3425, 0.399527]",E:\PROJECT FILE\PROJECT 3-ELDER CARE ASSISTENCE AND MONITORING SYSTEM\datasets\cleaned\fall_dataset\images\train\not fallen063.jpg
not fallen064.jpg,"[2.0, 0.504223, 0.497887, 0.978041, 0.740434]",E:\PROJECT FILE\PROJECT 3-ELDER CARE ASSISTENCE AND MONITORING SYSTEM\datasets\cleaned\fall_dataset\images\train\not fallen064.jpg
not fallen065.jpg,"[1.0, 0.428841, 0.493302, 0.455419, 0.799054]",E:\PROJECT FILE\PROJECT 3-ELDER CARE ASSISTENCE AND MONITORING SYSTEM\datasets\cleaned\fall_dataset\images\train\not fallen065.jpg
not fallen066.jpg,"[2.0, 0.505332, 0.526399, 0.878082, 0.680851]",E:\PROJECT FILE\PROJECT 3-ELDER CARE ASSISTENCE AND MONITORING SYSTEM\datasets\cleaned\fall_dataset\images\train\not fallen066.jpg
not fallen067.jpg,"[2.0, 0.338682, 0.620777, 0.244932, 0.701858]",E:\PROJECT FILE\PROJECT 3-ELDER CARE ASSISTENCE AND MONITORING SYSTEM\datasets\cleaned\fall_dataset\images\train\not fallen067.jpg
not fallen068.jpg,"[1.0, 0.682542, 0.624507, 0.309453, 0.560284]",E:\PROJECT FILE\PROJECT 3-ELDER CARE ASSISTENCE AND MONITORING SYSTEM\datasets\cleaned\fall_dataset\images\train\not fallen068.jpg
not fallen069.jpg,"[1.0, 0.286437, 0.629236, 0.355938, 0.546099]",E:\PROJECT FILE\PROJECT 3-ELDER CARE ASSISTENCE AND MONITORING SYSTEM\datasets\cleaned\fall_dataset\images\train\not fallen069.jpg
not fallen070.jpg,"[1.0, 0.600591, 0.521671, 0.717258, 0.841608]",E:\PROJECT FILE\PROJECT 3-ELDER CARE ASSISTENCE AND MONITORING SYSTEM\datasets\cleaned\fall_dataset\images\train\not fallen070.jpg
not fallen071.jpg,"[1.0, 0.369519, 0.57368, 0.200604, 0.78487, 1.0, 0.563909, 0.791174, 0.149122, 0.359338]",E:\PROJECT FILE\PROJECT 3-ELDER CARE ASSISTENCE AND MONITORING SYSTEM\datasets\cleaned\fall_dataset\images\train\not fallen071.jpg
not fallen072.jpg,"[1.0, 0.77027, 0.589316, 0.297297, 0.821368, 1.0, 0.118243, 0.565245, 0.236486, 0.86951]",E:\PROJECT FILE\PROJECT 3-ELDER CARE ASSISTENCE AND MONITORING SYSTEM\datasets\cleaned\fall_dataset\images\train\not fallen072.jpg
not fallen073.jpg,"[2.0, 0.345439, 0.580236, 0.518581, 0.620777]",E:\PROJECT FILE\PROJECT 3-ELDER CARE ASSISTENCE AND MONITORING SYSTEM\datasets\cleaned\fall_dataset\images\train\not fallen073.jpg
not fallen074.jpg,"[2.0, 0.484468, 0.436564, 0.890496, 0.647754]",E:\PROJECT FILE\PROJECT 3-ELDER CARE ASSISTENCE AND MONITORING SYSTEM\datasets\cleaned\fall_dataset\images\train\not fallen074.jpg
not fallen075.jpg,"[2.0, 0.720898, 0.470843, 0.472861, 0.900709]",E:\PROJECT FILE\PROJECT 3-ELDER CARE ASSISTENCE AND MONITORING SYSTEM\datasets\cleaned\fall_dataset\images\train\not fallen075.jpg
not fallen076.jpg,"[2.0, 0.455168, 0.603231, 0.193121, 0.598109]",E:\PROJECT FILE\PROJECT 3-ELDER CARE ASSISTENCE AND MONITORING SYSTEM\datasets\cleaned\fall_dataset\images\train\not fallen076.jpg
not fallen077.jpg,"[2.0, 0.505912, 0.486486, 0.734797, 0.565034]",E:\PROJECT FILE\PROJECT 3-ELDER CARE ASSISTENCE AND MONITORING SYSTEM\datasets\cleaned\fall_dataset\images\train\not fallen077.jpg
not fallen078.jpg,"[2.0, 0.488176, 0.499664, 0.652027, 0.999328]",E:\PROJECT FILE\PROJECT 3-ELDER CARE ASSISTENCE AND MONITORING SYSTEM\datasets\cleaned\fall_dataset\images\train\not fallen078.jpg
not fallen079.jpg,"[2.0, 0.474662, 0.502955, 0.611486, 0.972487]",E:\PROJECT FILE\PROJECT 3-ELDER CARE ASSISTENCE AND MONITORING SYSTEM\datasets\cleaned\fall_dataset\images\train\not fallen079.jpg
not fallen080.jpg,"[1.0, 0.505912, 0.576497, 0.576014, 0.84696]",E:\PROJECT FILE\PROJECT 3-ELDER CARE ASSISTENCE AND MONITORING SYSTEM\datasets\cleaned\fall_dataset\images\train\not fallen080.jpg
not fallen081.jpg,"[1.0, 0.502534, 0.573973, 0.609797, 0.852054]",E:\PROJECT FILE\PROJECT 3-ELDER CARE ASSISTENCE AND MONITORING SYSTEM\datasets\cleaned\fall_dataset\images\train\not fallen081.jpg
not fallen082.jpg,"[2.0, 0.619212, 0.449567, 0.628254, 0.678487]",E:\PROJECT FILE\PROJECT 3-ELDER CARE ASSISTENCE AND MONITORING SYSTEM\datasets\cleaned\fall_dataset\images\train\not fallen082.jpg
not fallen083.jpg,"[2.0, 0.613121, 0.457841, 0.668282, 0.685579]",E:\PROJECT FILE\PROJECT 3-ELDER CARE ASSISTENCE AND MONITORING SYSTEM\datasets\cleaned\fall_dataset\images\train\not fallen083.jpg
not fallen084.jpg,"[2.0, 0.663007, 0.506993, 0.673986, 0.974781]",E:\PROJECT FILE\PROJECT 3-ELDER CARE ASSISTENCE AND MONITORING SYSTEM\datasets\cleaned\fall_dataset\images\train\not fallen084.jpg
not fallen085.jpg,"[1.0, 0.59375, 0.546066, 0.133446, 0.573076]",E:\PROJECT FILE\PROJECT 3-ELDER CARE ASSISTENCE AND MONITORING SYSTEM\datasets\cleaned\fall_dataset\images\train\not fallen085.jpg
not fallen086.jpg,"[1.0, 0.326858, 0.599157, 0.258446, 0.693679]",E:\PROJECT FILE\PROJECT 3-ELDER CARE ASSISTENCE AND MONITORING SYSTEM\datasets\cleaned\fall_dataset\images\train\not fallen086.jpg
not fallen087.jpg,"[1.0, 0.475177, 0.607959, 0.347518, 0.72104]",E:\PROJECT FILE\PROJECT 3-ELDER CARE ASSISTENCE AND MONITORING SYSTEM\datasets\cleaned\fall_dataset\images\train\not fallen087.jpg
not fallen088.jpg,"[1.0, 0.425532, 0.500394, 0.77305, 0.893617]",E:\PROJECT FILE\PROJECT 3-ELDER CARE ASSISTENCE AND MONITORING SYSTEM\datasets\cleaned\fall_dataset\images\train\not fallen088.jpg
not fallen089.jpg,"[1.0, 0.246622, 0.550042, 0.351351, 0.899916]",E:\PROJECT FILE\PROJECT 3-ELDER CARE ASSISTENCE AND MONITORING SYSTEM\datasets\cleaned\fall_dataset\images\train\not fallen089.jpg
not fallen090.jpg,"[1.0, 0.392736, 0.516908, 0.1875, 0.793854]",E:\PROJECT FILE\PROJECT 3-ELDER CARE ASSISTENCE AND MONITORING SYSTEM\datasets\cleaned\fall_dataset\images\train\not fallen090.jpg
not fallen091.jpg,"[1.0, 0.469595, 0.562539, 0.266892, 0.874702]",E:\PROJECT FILE\PROJECT 3-ELDER CARE ASSISTENCE AND MONITORING SYSTEM\datasets\cleaned\fall_dataset\images\train\not fallen091.jpg
not fallen092.jpg,"[2.0, 0.471995, 0.599685, 0.582166, 0.58156]",E:\PROJECT FILE\PROJECT 3-ELDER CARE ASSISTENCE AND MONITORING SYSTEM\datasets\cleaned\fall_dataset\images\train\not fallen092.jpg
not fallen093.jpg,"[2.0, 0.471995, 0.462569, 0.578772, 0.817967]",E:\PROJECT FILE\PROJECT 3-ELDER CARE ASSISTENCE AND MONITORING SYSTEM\datasets\cleaned\fall_dataset\images\train\not fallen093.jpg
not fallen094.jpg,"[1.0, 0.657872, 0.612687, 0.24479, 0.456265]",E:\PROJECT FILE\PROJECT 3-ELDER CARE ASSISTENCE AND MONITORING SYSTEM\datasets\cleaned\fall_dataset\images\train\not fallen094.jpg
not fallen095.jpg,"[2.0, 0.427365, 0.502001, 0.780405, 0.957597]",E:\PROJECT FILE\PROJECT 3-ELDER CARE ASSISTENCE AND MONITORING SYSTEM\datasets\cleaned\fall_dataset\images\train\not fallen095.jpg
not fallen096.jpg,"[2.0, 0.494088, 0.547624, 0.346284, 0.904752]",E:\PROJECT FILE\PROJECT 3-ELDER CARE ASSISTENCE AND MONITORING SYSTEM\datasets\cleaned\fall_dataset\images\train\not fallen096.jpg
not fallen097.jpg,"[1.0, 0.443207, 0.600867, 0.482741, 0.72104]",E:\PROJECT FILE\PROJECT 3-ELDER CARE ASSISTENCE AND MONITORING SYSTEM\datasets\cleaned\fall_dataset\images\train\not fallen097.jpg
not fallen098.jpg,"[1.0, 0.638514, 0.496496, 0.290541, 0.992992]",E:\PROJECT FILE\PROJECT 3-ELDER CARE ASSISTENCE AND MONITORING SYSTEM\datasets\cleaned\fall_dataset\images\train\not fallen098.jpg
not fallen099.jpg,"[1.0, 0.65625, 0.59286, 0.234797, 0.767362]",E:\PROJECT FILE\PROJECT 3-ELDER CARE ASSISTENCE AND MONITORING SYSTEM\datasets\cleaned\fall_dataset\images\train\not fallen099.jpg
not fallen100.jpg,"[2.0, 0.518581, 0.638652, 0.165541, 0.621398]",E:\PROJECT FILE\PROJECT 3-ELDER CARE ASSISTENCE AND MONITORING SYSTEM\datasets\cleaned\fall_dataset\images\train\not fallen100.jpg
not fallen101.jpg,"[2.0, 0.601493, 0.624507, 0.762477, 0.598109]",E:\PROJECT FILE\PROJECT 3-ELDER CARE ASSISTENCE AND MONITORING SYSTEM\datasets\cleaned\fall_dataset\images\train\not fallen101.jpg
not fallen102.jpg,"[1.0, 0.447604, 0.499212, 0.827489, 0.92435]",E:\PROJECT FILE\PROJECT 3-ELDER CARE ASSISTENCE AND MONITORING SYSTEM\datasets\cleaned\fall_dataset\images\train\not fallen102.jpg
not fallen103.jpg,"[2.0, 0.619932, 0.556557, 0.408784, 0.886886]",E:\PROJECT FILE\PROJECT 3-ELDER CARE ASSISTENCE AND MONITORING SYSTEM\datasets\cleaned\fall_dataset\images\train\not fallen103.jpg
not fallen104.jpg,"[2.0, 0.494932, 0.598013, 0.530405, 0.712282]",E:\PROJECT FILE\PROJECT 3-ELDER CARE ASSISTENCE AND MONITORING SYSTEM\datasets\cleaned\fall_dataset\images\train\not fallen104.jpg
not fallen105.jpg,"[1.0, 0.294764, 0.700701, 0.444257, 0.598598]",E:\PROJECT FILE\PROJECT 3-ELDER CARE ASSISTENCE AND MONITORING SYSTEM\datasets\cleaned\fall_dataset\images\train\not fallen105.jpg
not fallen106.jpg,"[1.0, 0.48837, 0.540583, 0.51173, 0.624113]",E:\PROJECT FILE\PROJECT 3-ELDER CARE ASSISTENCE AND MONITORING SYSTEM\datasets\cleaned\fall_dataset\images\train\not fallen106.jpg
not fallen107.jpg,"[2.0, 0.577703, 0.53465, 0.587838, 0.742863]",E:\PROJECT FILE\PROJECT 3-ELDER CARE ASSISTENCE AND MONITORING SYSTEM\datasets\cleaned\fall_dataset\images\train\not fallen107.jpg
not fallen108.jpg,"[2.0, 0.509291, 0.524538, 0.278716, 0.830056]",E:\PROJECT FILE\PROJECT 3-ELDER CARE ASSISTENCE AND MONITORING SYSTEM\datasets\cleaned\fall_dataset\images\train\not fallen108.jpg
not fallen109.jpg,"[2.0, 0.668747, 0.557132, 0.44407, 0.765957]",E:\PROJECT FILE\PROJECT 3-ELDER CARE ASSISTENCE AND MONITORING SYSTEM\datasets\cleaned\fall_dataset\images\train\not fallen109.jpg
not fallen110.jpg,"[1.0, 0.711993, 0.513283, 0.444257, 0.973434]",E:\PROJECT FILE\PROJECT 3-ELDER CARE ASSISTENCE AND MONITORING SYSTEM\datasets\cleaned\fall_dataset\images\train\not fallen110.jpg
not fallen111.jpg,"[1.0, 0.510395, 0.483846, 0.194034, 0.718676]",E:\PROJECT FILE\PROJECT 3-ELDER CARE ASSISTENCE AND MONITORING SYSTEM\datasets\cleaned\fall_dataset\images\train\not fallen111.jpg
not fallen112.jpg,"[1.0, 0.556841, 0.590229, 0.412097, 0.742317]",E:\PROJECT FILE\PROJECT 3-ELDER CARE ASSISTENCE AND MONITORING SYSTEM\datasets\cleaned\fall_dataset\images\train\not fallen112.jpg
not fallen113.jpg,"[2.0, 0.440034, 0.503977, 0.606419, 0.976003]",E:\PROJECT FILE\PROJECT 3-ELDER CARE ASSISTENCE AND MONITORING SYSTEM\datasets\cleaned\fall_dataset\images\train\not fallen113.jpg
not fallen114.jpg,"[1.0, 0.619088, 0.464885, 0.211149, 0.624446]",E:\PROJECT FILE\PROJECT 3-ELDER CARE ASSISTENCE AND MONITORING SYSTEM\datasets\cleaned\fall_dataset\images\train\not fallen114.jpg
not fallen115.jpg,"[1.0, 0.642736, 0.513115, 0.255068, 0.852902]",E:\PROJECT FILE\PROJECT 3-ELDER CARE ASSISTENCE AND MONITORING SYSTEM\datasets\cleaned\fall_dataset\images\train\not fallen115.jpg
not fallen116.jpg,"[1.0, 0.648649, 0.508038, 0.236486, 0.873209]",E:\PROJECT FILE\PROJECT 3-ELDER CARE ASSISTENCE AND MONITORING SYSTEM\datasets\cleaned\fall_dataset\images\train\not fallen116.jpg
not fallen117.jpg,"[2.0, 0.527872, 0.524538, 0.643581, 0.779289]",E:\PROJECT FILE\PROJECT 3-ELDER CARE ASSISTENCE AND MONITORING SYSTEM\datasets\cleaned\fall_dataset\images\train\not fallen117.jpg
not fallen118.jpg,"[2.0, 0.477541, 0.485028, 0.758865, 0.929078]",E:\PROJECT FILE\PROJECT 3-ELDER CARE ASSISTENCE AND MONITORING SYSTEM\datasets\cleaned\fall_dataset\images\train\not fallen118.jpg
not fallen119.jpg,"[1.0, 0.191625, 0.5658, 0.360349, 0.8684]",E:\PROJECT FILE\PROJECT 3-ELDER CARE ASSISTENCE AND MONITORING SYSTEM\datasets\cleaned\fall_dataset\images\train\not fallen119.jpg
not fallen120.jpg,"[1.0, 0.428949, 0.518125, 0.483148, 0.92435]",E:\PROJECT FILE\PROJECT 3-ELDER CARE ASSISTENCE AND MONITORING SYSTEM\datasets\cleaned\fall_dataset\images\train\not fallen120.jpg
not fallen121.jpg,"[1.0, 0.521959, 0.590536, 0.172297, 0.804673]",E:\PROJECT FILE\PROJECT 3-ELDER CARE ASSISTENCE AND MONITORING SYSTEM\datasets\cleaned\fall_dataset\images\train\not fallen121.jpg
not fallen122.jpg,"[1.0, 0.383446, 0.585459, 0.22973, 0.814826]",E:\PROJECT FILE\PROJECT 3-ELDER CARE ASSISTENCE AND MONITORING SYSTEM\datasets\cleaned\fall_dataset\images\train\not fallen122.jpg
not fallen123.jpg,"[2.0, 0.427365, 0.548653, 0.344595, 0.599062]",E:\PROJECT FILE\PROJECT 3-ELDER CARE ASSISTENCE AND MONITORING SYSTEM\datasets\cleaned\fall_dataset\images\train\not fallen123.jpg
not fallen124.jpg,"[1.0, 0.378962, 0.603231, 0.307023, 0.735225]",E:\PROJECT FILE\PROJECT 3-ELDER CARE ASSISTENCE AND MONITORING SYSTEM\datasets\cleaned\fall_dataset\images\train\not fallen124.jpg
not fallen125.jpg,"[1.0, 0.499155, 0.575329, 0.123311, 0.502731]",E:\PROJECT FILE\PROJECT 3-ELDER CARE ASSISTENCE AND MONITORING SYSTEM\datasets\cleaned\fall_dataset\images\train\not fallen125.jpg
not fallen126.jpg,"[1.0, 0.558617, 0.605595, 0.45828, 0.77305]",E:\PROJECT FILE\PROJECT 3-ELDER CARE ASSISTENCE AND MONITORING SYSTEM\datasets\cleaned\fall_dataset\images\train\not fallen126.jpg
not fallen127.jpg,"[1.0, 0.566723, 0.54587, 0.29223, 0.908259]",E:\PROJECT FILE\PROJECT 3-ELDER CARE ASSISTENCE AND MONITORING SYSTEM\datasets\cleaned\fall_dataset\images\train\not fallen127.jpg
not fallen128.jpg,"[1.0, 0.529561, 0.508017, 0.342905, 0.977065]",E:\PROJECT FILE\PROJECT 3-ELDER CARE ASSISTENCE AND MONITORING SYSTEM\datasets\cleaned\fall_dataset\images\train\not fallen128.jpg
not fallen129.jpg,"[1.0, 0.334459, 0.521999, 0.216216, 0.85544]",E:\PROJECT FILE\PROJECT 3-ELDER CARE ASSISTENCE AND MONITORING SYSTEM\datasets\cleaned\fall_dataset\images\train\not fallen129.jpg
not fallen130.jpg,"[2.0, 0.444257, 0.573793, 0.560811, 0.852414]",E:\PROJECT FILE\PROJECT 3-ELDER CARE ASSISTENCE AND MONITORING SYSTEM\datasets\cleaned\fall_dataset\images\train\not fallen130.jpg
not fallen131.jpg,"[1.0, 0.271959, 0.548409, 0.375, 0.903182]",E:\PROJECT FILE\PROJECT 3-ELDER CARE ASSISTENCE AND MONITORING SYSTEM\datasets\cleaned\fall_dataset\images\train\not fallen131.jpg
not fallen132.jpg,"[2.0, 0.364869, 0.475571, 0.543988, 0.905437]",E:\PROJECT FILE\PROJECT 3-ELDER CARE ASSISTENCE AND MONITORING SYSTEM\datasets\cleaned\fall_dataset\images\train\not fallen132.jpg
not fallen133.jpg,"[2.0, 0.342061, 0.538499, 0.579392, 0.852902]",E:\PROJECT FILE\PROJECT 3-ELDER CARE ASSISTENCE AND MONITORING SYSTEM\datasets\cleaned\fall_dataset\images\train\not fallen133.jpg
not fallen134.jpg,"[2.0, 0.339527, 0.477577, 0.489865, 0.76152]",E:\PROJECT FILE\PROJECT 3-ELDER CARE ASSISTENCE AND MONITORING SYSTEM\datasets\cleaned\fall_dataset\images\train\not fallen134.jpg
not fallen135.jpg,"[0.0, 0.455236, 0.41251, 0.900338, 0.464743]",E:\PROJECT FILE\PROJECT 3-ELDER CARE ASSISTENCE AND MONITORING SYSTEM\datasets\cleaned\fall_dataset\images\train\not fallen135.jpg
not fallen136.jpg,"[2.0, 0.642061, 0.474389, 0.616751, 0.841608]",E:\PROJECT FILE\PROJECT 3-ELDER CARE ASSISTENCE AND MONITORING SYSTEM\datasets\cleaned\fall_dataset\images\train\not fallen136.jpg
not fallen137.jpg,"[2.0, 0.54796, 0.639874, 0.73538, 0.661939]",E:\PROJECT FILE\PROJECT 3-ELDER CARE ASSISTENCE AND MONITORING SYSTEM\datasets\cleaned\fall_dataset\images\train\not fallen137.jpg
not fallen138.jpg,"[2.0, 0.500845, 0.550947, 0.805743, 0.898106]",E:\PROJECT FILE\PROJECT 3-ELDER CARE ASSISTENCE AND MONITORING SYSTEM\datasets\cleaned\fall_dataset\images\train\not fallen138.jpg
not fallen139.jpg,"[2.0, 0.541371, 0.512608, 0.527187, 0.974783]",E:\PROJECT FILE\PROJECT 3-ELDER CARE ASSISTENCE AND MONITORING SYSTEM\datasets\cleaned\fall_dataset\images\train\not fallen139.jpg
not fallen140.jpg,"[2.0, 0.429054, 0.561345, 0.574324, 0.786904]",E:\PROJECT FILE\PROJECT 3-ELDER CARE ASSISTENCE AND MONITORING SYSTEM\datasets\cleaned\fall_dataset\images\train\not fallen140.jpg
not fallen141.jpg,"[2.0, 0.601841, 0.610323, 0.746832, 0.593381]",E:\PROJECT FILE\PROJECT 3-ELDER CARE ASSISTENCE AND MONITORING SYSTEM\datasets\cleaned\fall_dataset\images\train\not fallen141.jpg
not fallen142.jpg,"[2.0, 0.557468, 0.35264, 0.306498, 0.475177]",E:\PROJECT FILE\PROJECT 3-ELDER CARE ASSISTENCE AND MONITORING SYSTEM\datasets\cleaned\fall_dataset\images\train\not fallen142.jpg
not fallen143.jpg,"[2.0, 0.597973, 0.529557, 0.297297, 0.856023]",E:\PROJECT FILE\PROJECT 3-ELDER CARE ASSISTENCE AND MONITORING SYSTEM\datasets\cleaned\fall_dataset\images\train\not fallen143.jpg
not fallen144.jpg,"[2.0, 0.619088, 0.655022, 0.400338, 0.689956]",E:\PROJECT FILE\PROJECT 3-ELDER CARE ASSISTENCE AND MONITORING SYSTEM\datasets\cleaned\fall_dataset\images\train\not fallen144.jpg
not fallen145.jpg,"[2.0, 0.557432, 0.482463, 0.405405, 0.79969]",E:\PROJECT FILE\PROJECT 3-ELDER CARE ASSISTENCE AND MONITORING SYSTEM\datasets\cleaned\fall_dataset\images\train\not fallen145.jpg
not fallen146.jpg,"[2.0, 0.665449, 0.525217, 0.372476, 0.607565]",E:\PROJECT FILE\PROJECT 3-ELDER CARE ASSISTENCE AND MONITORING SYSTEM\datasets\cleaned\fall_dataset\images\train\not fallen146.jpg
not fallen147.jpg,"[1.0, 0.599472, 0.607959, 0.298415, 0.579196]",E:\PROJECT FILE\PROJECT 3-ELDER CARE ASSISTENCE AND MONITORING SYSTEM\datasets\cleaned\fall_dataset\images\train\not fallen147.jpg
not fallen148.jpg,"[1.0, 0.475713, 0.682427, 0.275254, 0.463357]",E:\PROJECT FILE\PROJECT 3-ELDER CARE ASSISTENCE AND MONITORING SYSTEM\datasets\cleaned\fall_dataset\images\train\not fallen148.jpg
not fallen149.jpg,"[1.0, 0.245992, 0.609141, 0.415649, 0.600473]",E:\PROJECT FILE\PROJECT 3-ELDER CARE ASSISTENCE AND MONITORING SYSTEM\datasets\cleaned\fall_dataset\images\train\not fallen149.jpg
not fallen150.jpg,"[2.0, 0.54223, 0.555962, 0.435811, 0.853316]",E:\PROJECT FILE\PROJECT 3-ELDER CARE ASSISTENCE AND MONITORING SYSTEM\datasets\cleaned\fall_dataset\images\train\not fallen150.jpg
not fallen151.jpg,"[1.0, 0.382687, 0.493302, 0.555695, 0.91253]",E:\PROJECT FILE\PROJECT 3-ELDER CARE ASSISTENCE AND MONITORING SYSTEM\datasets\cleaned\fall_dataset\images\train\not fallen151.jpg
not fallen152.jpg,"[1.0, 0.327622, 0.456659, 0.3898, 0.673759]",E:\PROJECT FILE\PROJECT 3-ELDER CARE ASSISTENCE AND MONITORING SYSTEM\datasets\cleaned\fall_dataset\images\train\not fallen152.jpg
not fallen153.jpg,"[1.0, 0.489342, 0.505122, 0.504463, 0.836879]",E:\PROJECT FILE\PROJECT 3-ELDER CARE ASSISTENCE AND MONITORING SYSTEM\datasets\cleaned\fall_dataset\images\train\not fallen153.jpg
not fallen154.jpg,"[1.0, 0.601351, 0.456919, 0.162162, 0.622175]",E:\PROJECT FILE\PROJECT 3-ELDER CARE ASSISTENCE AND MONITORING SYSTEM\datasets\cleaned\fall_dataset\images\train\not fallen154.jpg
not fallen155.jpg,"[1.0, 0.48227, 0.527581, 0.390071, 0.607565]",E:\PROJECT FILE\PROJECT 3-ELDER CARE ASSISTENCE AND MONITORING SYSTEM\datasets\cleaned\fall_dataset\images\train\not fallen155.jpg
not fallen156.jpg,"[2.0, 0.759752, 0.626084, 0.335106, 0.747832]",E:\PROJECT FILE\PROJECT 3-ELDER CARE ASSISTENCE AND MONITORING SYSTEM\datasets\cleaned\fall_dataset\images\train\not fallen156.jpg
not fallen157.jpg,"[2.0, 0.76773, 0.602049, 0.351064, 0.747045]",E:\PROJECT FILE\PROJECT 3-ELDER CARE ASSISTENCE AND MONITORING SYSTEM\datasets\cleaned\fall_dataset\images\train\not fallen157.jpg
not fallen158.jpg,"[2.0, 0.773936, 0.429472, 0.381206, 0.382979]",E:\PROJECT FILE\PROJECT 3-ELDER CARE ASSISTENCE AND MONITORING SYSTEM\datasets\cleaned\fall_dataset\images\train\not fallen158.jpg
not fallen159.jpg,"[2.0, 0.77305, 0.427108, 0.390071, 0.397163]",E:\PROJECT FILE\PROJECT 3-ELDER CARE ASSISTENCE AND MONITORING SYSTEM\datasets\cleaned\fall_dataset\images\train\not fallen159.jpg
not fallen160.jpg,"[1.0, 0.644504, 0.437746, 0.161348, 0.49409]",E:\PROJECT FILE\PROJECT 3-ELDER CARE ASSISTENCE AND MONITORING SYSTEM\datasets\cleaned\fall_dataset\images\train\not fallen160.jpg
not fallen161.jpg,"[1.0, 0.656028, 0.443656, 0.163121, 0.491726]",E:\PROJECT FILE\PROJECT 3-ELDER CARE ASSISTENCE AND MONITORING SYSTEM\datasets\cleaned\fall_dataset\images\train\not fallen161.jpg
not fallen162.jpg,"[1.0, 0.699468, 0.678093, 0.179078, 0.643814]",E:\PROJECT FILE\PROJECT 3-ELDER CARE ASSISTENCE AND MONITORING SYSTEM\datasets\cleaned\fall_dataset\images\train\not fallen162.jpg
not fallen163.jpg,"[1.0, 0.691489, 0.675729, 0.177305, 0.648542]",E:\PROJECT FILE\PROJECT 3-ELDER CARE ASSISTENCE AND MONITORING SYSTEM\datasets\cleaned\fall_dataset\images\train\not fallen163.jpg
not fallen164.jpg,"[1.0, 0.282801, 0.675335, 0.175532, 0.647754]",E:\PROJECT FILE\PROJECT 3-ELDER CARE ASSISTENCE AND MONITORING SYSTEM\datasets\cleaned\fall_dataset\images\train\not fallen164.jpg
not fallen165.jpg,"[1.0, 0.599291, 0.5855, 0.156028, 0.449173]",E:\PROJECT FILE\PROJECT 3-ELDER CARE ASSISTENCE AND MONITORING SYSTEM\datasets\cleaned\fall_dataset\images\train\not fallen165.jpg
not fallen166.jpg,"[1.0, 0.565603, 0.451931, 0.195035, 0.598109]",E:\PROJECT FILE\PROJECT 3-ELDER CARE ASSISTENCE AND MONITORING SYSTEM\datasets\cleaned\fall_dataset\images\train\not fallen166.jpg
